material_name,Price
Afvalemmer 5 liter - wit - 564000,45.49
"Afvalzakken - 30 liter 68 x 55 cm, 20 x 20 stuks",45.99
Afvalzakken - 30 liter 68 x 55 cm 20 x 20 stuks,47.99
"Baseboy pedaalemmer - inhoud 20 liter, zilver",133.99
Bin afvalemmer 50L - wit - 563000,84.0
"Deksel voor elevation afvalemmer - wit, per stuk - 205630",23.99
"Deksel voor elevation afvalemmer - zwart, per stuk - 205638",23.99
"EcoFLEX recycling - rond, grijs/groen",173.99
HS afvalzak 120 liter groen - 20 x 20 stuks,73.49
"Hygiëne zakjes - zakjes, per 100 stuks",2.89
"Hygiëne zakjes/wandhouder - houder, per stuk",7.79
Kickmaster Classic Line Soft - beige,178.99
Kickmaster Classic Line Soft - rood,219.99
"Plastiqline afvalbak 20 liter met kniebediening - wit, per stuk",117.0
"Plastiqline afvalbak 23 liter open - wit, 23 liter, per stuk",48.49
"Plastiqline afvalbak 43 liter open - wit, per stuk",59.49
"Plastiqline hygienebak 8 liter - wit, per stuk",48.99
"Plastiqline hygienebak 8 liter - zwart, per stuk",51.99
"Plastiqueline hygienebak 23 liter - wit, per stuk",67.0
Tork afvalbak - 20 liter - per stuk - 226100,49.49
"Disposable schort per stuk verpakt - 125 cm, per 100 stuks",14.99
"Disposable schorten in wanddispenser - 107 x 75 cm, per 50 stuks",19.99
"FFP2 maskers - blauw, per 10 stuks",10.49
Foliodress Cap Apart - per 100 stuks,29.49
"Foliodress gown Comfort Basic size L - L, 32 stuks",151.0
Gezichtsbescherming schild - per stuk,"€ 2,99
1 X € 2,25
10 X € 1,99
50 X € 1,85"
Gezichtsbescherming/face shield reserve schermen - per 10 stuks,45.49
"HS disposable schort - 75 x 125 cm, per 100 stuks",8.79
"HS operatiemuts - wit, per 100 stuks",8.79
"Hygienehoezen voor onderzoekslamp - Operatielamphoezen, 10 x 15 cm, 500 stuks",10.99
Infectiepreventie schoenovertrek - 20 stuks,18.99
Mondmasker Maxima Earloop IIR - blauw per 50 stuks,10.79
"Mondmasker Tie On - Type II - Wit, 50 stuks",18.0
"OK - Operatiejas Classic - Medium, 25 stuks",99.0
Onderzoekslamp handvat hoes - per 120 stuks,190.99
Operatielamp handvat beschermhoes - per 200 stuks,415.99
"Operatiemuts model baret - wit, 100 stuks",11.99
Schoenovertrek blauw polyethyleen - Per 100 stuks,7.79
"Schoenovertrek vliesstof - Blauw, 100 stuks (50 paar)",9.29
Unigloves Barett haarkapjes - blauw 100 stuks,12.99
Veiligheidsbril - donker glas,8.79
Veiligheidsbril - geel glas,8.0
"Veiligheidsbril - kleurloos, per stuk",8.0
"Veiligheidsbril - kleurloos, per stuk",7.79
"Veiligheidsbril - kleurloos, per stuk",8.79
Alcohol - 70% fles 100 ml,2.39
Alcohol - 80% fles 2 x 5 liter,47.99
Alcohol 70% - sproeifles 500ml,7.79
Betadine jodium oplossing - fles 30 ml,7.99
Derma LiteCheck® Box handhygiene trainer - per stuk,497.99
"Desderman Care - Fles, 100 ml",4.89
"Desderman Care HyClick - Fles, 500 ml",13.99
Handalcohol 70% - 5 liter can,59.49
"Handalcohol 70% - 500 ml, per stuk",7.79
Handdesinfectie gel S1 - per stuk - 420103,21.49
Maniskin Plus - fles 250 ml,12.49
"Podilon - Fles, 1000 ml",17.0
Podiskin - 15 x 500 ml,99.0
Sterillium® MED gel handdesinfectie - fles 100ml,4.49
Sterillium® MED handdesinfectie - fles 1 liter,12.99
Sterillium® MED handdesinfectie - fles 100ml,4.39
Sterillium® MED handdesinfectie - fles 500ml,8.29
Visirub tube 10ml t.b.v. Derma LiteCheck Box - tube van 10ml,8.29
,
,
,14.79
Cleanisept Wipes Maxi - 1 pak à 100 doekjes,12.49
Dismofix G - 1 liter fles,4.69
"EuroSept Plus Surface Foam Cleaner - Flacon, 1 liter",17.99
Eurosept Plus wipes - dispenser + 120 doekjes,"€ 9,29
1 X € 7,10
12 X € 6,10
24 X € 5,10"
Eurosept Plus wipes - navulverpakking 120 doekjes,7.79
Eurosept Plus XL wipes - dispenser + 200 doekjes,19.99
Eurosept Plus XL wipes - navulverpakking 200 doekjes,17.99
EuroSept Xtra Dispenser voor doekjes - Universele grootte,10.99
"Eurosept Xtra Surface - Can, 5 Liter",32.99
"Eurosept Xtra Surface - Fles, 1 Liter met sproeikop",10.49
"EuroSept Xtra Surface Alcoholvrij Lemon - Can, 5 liter",35.99
"EuroSept Xtra Surface Disinfection Virucidal Alcohol Free - Can, 5 liter",27.99
"Eurosept Xtra Surface Disinfection Wipes - alcoholvrij - XLarge, 70 stuks (30 x 30 cm)",17.99
"EuroSept Xtra Surface Disinfection Wipes - Container, 120 wipes, 13 x 20 cm",7.79
Eurosept Xtra Surface Disinfection Wipes Small - alcoholvrij - Dispenser met 200 doekjes (20 x 22 cm),10.49
"EuroSept Xtra System Dispenser Wet Wipes - Large, 30 x 30 cm, 70 stuks",16.49
"EuroSept Xtra System Dry Wipes Large - Afmeting 30 x 30 cm, 3 Rollen x 70 wipes",19.0
"EuroSept Xtra System Dry Wipes Medium - Afmeting 15 x 30 cm, 3 Rollen x 140 wipes",36.99
"Eurosept Xtra Wet Wipes Surface Alcoholvrij - Verpakking, 80 doekjes",4.49
"HS Eurosept Xtra Surface Lemon - 5 L, per kan",58.99
Incidin OxyFoam - 6 flessen van 750 ml,141.49
Incidin OxyFoam NG - 5 liter kan,57.99
,
,
,
,
,
,70.99
Instrumenten desinfectiebak - per stuk,93.99
"Instrumentenbad - 2 liter, 32,5 x 17,6 x 15 cm",104.99
"Sekusept® Aktiv - 1,5 kg emmer",51.0
Sekusept® Aktiv - 6 kg emmer,179.99
"Ultrasonic Cleaner - Accessoireset: 1 instrumentenmand met geperforeerde bodem, 1 deksel met gat, borentray, positioneringsinzet",189.99
"Ultrasonic Cleaner - Ultrasoonreiniger 3,2 liter (zonder verwarming)",442.99
Aloë Vera latex handschoen PF - XS per 100 stuks,12.49
Clean latex handschoen steriel - S per 100 stuks,"€ 57,49
1 X € 35,90"
"DE Handschoen latex P - XS, 100 stuks",10.99
"DE Handschoen latex PF - XS, 100 stuks",7.0
Economy latex handschoen PF - XS per 100 stuks,12.99
Maxima latex handschoen PF - XS per 100 stuks,13.99
Premium latex handschoen - XS per 100 stuks,12.49
Premium latex handschoen PF - XS per 100 stuks,12.49
Sempercare Edition IC latex handschoen PF - XS per 100 stuks,14.79
Semperguard IC latex PV - S per 100 stuks,26.49
Unigloves Select Black Latex handschoen poedervrij - S - 100 stuks,24.99
Vasco Powdered latex handschoen - S per 100 stuks,12.49
"Vasco Sensitive latex handschoen PF - XS, per 100 stuks",21.99
"Handschoenen Nitril poedervrij - XS, 200 stuks",18.99
"Microflex nitril handschoenen - XS, 250 stuks",28.49
"Nitril handschoenen - XS, per 200 stuks",15.99
Nitril handschoenen accelerator free - maat XS per 100 stuks,17.99
Nitril handschoenen wit - XS per 300 stuks,29.99
"Nitril handschoenen, blauw - XS per 100 stuks",14.99
"Nitril handschoenen, groen - XS per 100 stuks",14.99
"Nitril handschoenen, roze - XS per 100 stuks",14.99
"Nitril handschoenen, wit - XS per 100 stuks",12.49
"Nitril handschoenen, zwart - S per 100 stuks",17.0
"Peha soft handschoenen - S, 50 paar",34.99
Soft White handschoenen - M,26.49
"Vasco Guard Nitril handschoenen extra lang manchet - XS, per 100 stuks",18.0
Vasco nitril Light handschoenen - XS per 100 stuks,13.99
,
,
,
,
Criterion vinyl handschoen - S per 100 stuks,14.29
Criterion vinyl handschoen PV - S per 100 stuks,9.79
"CyberGloves PFE Vinyl - S, per 100 stuks",17.99
"DE handschoen vinyl LP - maat S, 100 stuks",14.29
"DE handschoen vinyl PF - M, 100 stuks",17.0
"Peha Neon handschoen steriel - maat 6, 50 paar",131.99
Semperguard vinyl handschoen - S per 100 stuks,17.99
Vasco vinyl handschoen - Xl per 100 stuks,9.79
"CyberGloves Latex PE handschoen Steriel Poedervrij - maat 6, per 50 paar",32.99
"CyberGloves Latex PE hanschoen Steriel Licht gepoederd - maat 6,5, per 50 paar",29.99
"CyberGloves Latex PE hanschoen Steriel Licht gepoederd - maat 9, per 50 paar",29.99
"Derma Plus latex operatiehandschoen, steriel - maat 6 per 50 paar",55.99
"GAMMEX Non-Latex Sensitive - Maat 7, 50 paar",94.99
Gammex PI micro synth. operatiehandschoen - maat 6 per 50 paar,177.99
"Gynaecologische handschoen latex PV steriel - S, per 25 paar",105.99
"Latex operatiehandschoen PV, steriel - 5,5, per 50 paar",32.99
"Latex operatiehandschoen, steriel - maat 5,5, per 50 paar",29.99
"Protexis SMT steriel handschoenen PV - maat 6,5, 50 paar",47.99
"Supreme latex operatiehandschoen, steriel - maat 6 per 50 paar",60.49
"Syntegra IR synth. operatiehandschoen, steriel - maat 6, per 50 paar",114.99
"Unigloves Expert+ - Maat 7,5 steriel PV",50.99
Unigloves Expert+ - Maat 8 steriel PV,50.99
"Vasco Protect latex operatiehandschoen, steriel - maat 6 per 50 paar",47.99
"Vasco Sensitive latex operatiehandschoen, steriel PF - Maat 6, per 40 paar",49.49
Absorberende doekjes - 50 stuks,11.99
Advanced handdoekjes H2 - per 3780 stuks - 120398,89.99
"Celstof onderlegger - 40 x 60 cm, 10-laags, 350 stuks",71.99
"Celstof onderlegger - 60 x 90, 10-laags, 100 stuks",54.49
"Celstof onderlegger - 60 x 90, 12-laags, 50 stuks",37.99
"Celstof vellen - 20 x 30 cm, 3 x 5 kg",53.49
"Centerfeed roldispenser W2 - rood/smoke, per stuk",92.99
"Centerfeed roldispenser W2 - wit/turquoise, per stuk",92.99
"Drigard servet/onderlegger - donkerblauw, per 500 stuks",20.99
Folded wiper wanddispenser W4 - wit/turquoise - 654000,52.0
"Handdoek Advanced H3 - 25 x 23 cm, Z-fold groen 3750 stuks - 290197",51.0
"Handdoek C-fold - 25 x 31cm, 2-laags 16 x 150 stuks",49.99
"Handdoek C-fold - 25 x 41cm, 2-laags 20 x 96 stuks",65.99
Handdoek dispenser Mini H3 - wit - 553100,45.49
Handdoek dispenser standaard H3 - wit - 553000,54.99
"Handdoek dispenser, groot - per stuk",34.0
"Handdoek dispenser, klein - per stuk",37.49
"Handdoek ECO - 25 x 23 cm, Z-fold ongekleurd 5000 stuks",39.49
"Handdoek ECO - 25 x 33 cm, C-fold ongekleurd 3600 struks",35.0
"Handdoek ECO - 25 x 50 cm, C-fold groen 2400 stuks",39.49
"Handdoek papier - wit 1 - laags, 25 x 50 cm, 2400 stuks",57.49
"Handdoek papier - wit 1- laags, 25 x 23 cm, 5000 stuks",56.99
"Handdoek Z-fold - 21 x 21,5 cm, 2 laags 20 x 250 stuks recycled",48.49
"Handdoek Z-fold - 25 x 23 cm, 1-laags 20 x 250 stuks recycled",57.99
"Handdoekjes Multifold 20,5 x 24 cm - geschikt voor Tork H2, per 3060 stuks",52.99
Accessoires voor SM2 dispenser - lekbakje voor de wandhouder,50.99
Accessoires voor SM2 dispenser - reservepompje,18.99
"Air-O-Kit luchtverfrisser vulling - Grapefruit, per 20 stuks",112.99
"Air-O-Kit luchtverfrisser vulling - Lemon, per 20 stuks",112.99
"Air-O-Kit luchtverfrisser vulling - Squash, per 20 stuks",112.99
Armovetrek steriel - 180 stuks,302.99
BBraun sproeikop 1 liter fles - per stuk,4.49
BBraun Touchless dispenser - Per stuk,284.99
D1 Touchless lekbakje - lekbakje,35.99
Desinfectiezuil excl. dispenser en lekbakje - lekbakje,70.49
Desinfectiezuil excl. dispenser en lekbakje - per stuk,368.0
Dispenser voor handreiniging SM2 - voor 450 / 500 en 1 liter flessen,71.99
Dispenser voor handreiniging SM2 - voor 450 / 500 ml,70.49
Doseerpomp - voor 500 ml fles,6.49
Doseerpomp - voor 1 liter fles,6.49
Doseerpomp - voor 500ml - 1 liter handalcohol (voor 500ml versie zelf op maat knippen),6.49
Doseerpomp can - 20 ml voor 5 liter can,14.79
Doseerpomp fles - voor 500 ml flessen,5.29
"Doseerpomp voor 0,5-1 liter fles - per stuk",7.0
Doseerpomp voor 5-10 liter can - Per stuk,21.49
Duo zeep- en desinfectiemiddel dispenser - per stuk,267.0
"Euro 1 plus dispenser, gekleurd - 350 / 500 ml, rood",132.49
"Euro 1 plus wand dispenser - korte beugel, 1000 ml flessen",120.49
"Euro 1 plus wand dispenser - lange beugel, 1000 ml flessen",120.49
Eurodispenser safety plus - 1000 ml,28.49
,
,
,
,
,
,
Sweep 2000 - accessoires - deksel met gat voor 1 glazen beker,34.99
Sweep 2000 - accessoires - deksel met gat voor 2 glazen bekers,40.99
Sweep 2000 - accessoires - deksel voor glazen beker,16.49
Sweep 2000 - accessoires - glazen beker 600 ml,24.99
"Sweep 2000 - accessoires - korf inzet, 25 x 13 x 7,3 cm",99.0
"Sweep 2000 - accessoires - rubber ring voor beker, per 6 stuks",18.99
Sweep 2000 - unit,674.49
Airfresh Med (Ozium) - spuitbus 75 ml,26.49
Baktolan Lotion - flesje 350 ml,8.29
Baktolan Protect + Pure - tube 100ml,8.0
Baktolan protect - tube 100 ml,5.29
EuroSept Plus Handcreme - 100 gram,6.49
"Lanette creme - tube 100 gr, per stuk",8.0
"Lindesa - Lindesa, tube 50 ml",7.0
Nilodor - sproeiflacon 100 ml,9.79
Pehafresh - spuitbus 400 ml,9.79
PH5 handcrème - tube 125 ml,6.79
Witte vaseline - tube 30 gram,4.29
,
,
"Eco Soap handzeep in fles - Verpakking, 6 x 1 liter fles",65.49
"Eco Soap handzeep in softbag - Verpakking, 6 x 1 liter",84.99
Esemtan waslotion - 1 liter fles,15.49
Esemtan waslotion - 5 liter fles,68.0
"EuroSept Xtra Waslotion - Can, 5 liter",27.49
"Eurosept Xtra Waslotion Sensitive - 1 liter, per stuk",9.29
Foam zeep luxe voor S3 dispenser - 4 x 800 ml - 500902,65.99
Foam zeep voor S4 dispenser - Extra mild 6 x 1000 ml - 520701,86.49
Foam zeep voor S4 dispenser - Luxe 6 x 1000 ml - 520901,92.99
Foam zeep voor S4 dispenser - Medium 6 x 1000 ml - 520501,76.99
Hand- / nagelborstel - per stuk,4.0
Hand- / nagelborstel - per stuk,5.99
Medisavona medische zeep - can 5 liter,31.99
Medisavona medische zeep - fles 500 ml,6.49
Miscea Ethades 14065N - 6 zakken x 1 liter,98.99
Sensiva waslotion - 1 liter fles,14.49
Sensiva waslotion - 5 liter can,62.99
"Softaskin Pure waslotion - 100 ml, per stuk",2.39
Softaskin Pure waslotion - 1000 ml vouwfles met doseerpomp,10.49
Softaskin Pure waslotion - 1000 ml vouwfles per stuk,6.49
Softaskin Pure waslotion - 500 ml vouwfles met doseerpomp,7.79
"Softaskin Pure waslotion - 500 ml vouwfles, per stuk",4.99
"Softaskin waslotion - 100 ml fles, per stuk",2.29
"Alcoholdoekjes - 150 doekjes, per stuk",5.49
Alcoholdoekjes - 200 stuks,4.29
Alcoholdoekjes - per 100 stuks,2.99
Celstofdeppers - 2 rollen à 500 stuks,6.79
Dispenser voor celstofdeppers - dispenser (leeg),13.79
"Euromatic - Euromatic 3000, 3 liter, per stuk",4.69
"Euromatic - Euromatic 6000, 6 liter, per stuk",6.49
"Euromatic - Euromatic 7000, 7 liter, per stuk",6.79
Liquifix alcohol dispenser - inhoud: 250 ml,68.99
"Multi Safe naaldencontainer - 0,5 liter, rond, 8,9 x 16,2 cm, per stuk",1.69
"Multi Safe naaldencontainer - 2 liter, ovaal, 11,2 x 16,1 cm, per stuk",2.29
"Multi Safe naaldencontainer - 6 liter, rond 24,4 x 17,3 cm, per stuk",5.79
"Multi-Safe mini/sani naaldencontainer - mini 0,3 liter, ovaal 160 x 77 x 41 mm, per stuk",3.89
"Multi-Safe mini/sani naaldencontainer - sani 0,2 liter, rechthoekig 131 x 57 x 32 mm, per stuk",1.89
"Multi-Safe twin naaldencontainer - 1500, hoogte 125 mm, deksel 179 x 176 mm, per stuk",1.69
"Multi-Safe twin naaldencontainer - 2500, hoogte 197 mm, deksel 179 x 176 mm, per stuk",1.99
"Multi-Safe twin naaldencontainer - 3000, hoogte 233 mm, deksel 179 x 176 mm, per stuk",2.69
"Naalden container - 0,8 liter, rond, 9,8x9,8x18 cm, per stuk",3.09
"Naalden container - 2,4 liter, vierkant 15,1 x 15,1 x 20 cm, per stuk",3.29
"Naalden container - 4,7 liter, vierkant 19 x 19 x 20,5 cm, per stuk",5.79
"Naalden container - 5,7 liter, vierkant 19 x 19 x 25,7 cm, per stuk",6.49
"Naaldencontainer - 0,25 liter, pocketmodel, 5 x 8 x 13 cm",1.79
NeedleOff Grijper Cassette - 58603 per stuk,78.49
"NeedleOff Sharptainer 4 Pack - 58601, 4 stuks",74.99
"NeedleOff Starterkit - 58600, per stuk",562.92
"BD Insyte-W Catheter I.V. - 24 G, 0,7 x 19 Geel, 50 stuks",80.49
Discofix infuuskraan 3-weg - per 50 stuks,69.49
Discofix® C Driewegkraan blauw - 100 stuks,139.49
"Ecoflo safety vleugelnaald - roze 18G 1,2 x 19 mm, per 100 stuks",49.49
"Ecoflo vleugelnaald - blauw, 23G 0,6x19mm, 100 stuks",42.99
"Ecoflo vleugelnaald - groen, 21G 0,8x19mm, 100 stuks",42.99
"Ecoflo vleugelnaald - ivoor, 19G 1,1x19mm, 100 stuks",42.99
"Ecoflo vleugelnaald - oranje, 25G 0,5x19mm, 100 stuks",42.99
"Ecoflo vleugelnaald - zwart, 22G 0,7x19mm, 100 stuks",42.99
"Infuus Air-P - met injectie tussenstuk, 100 stuks",107.99
Infuus Intrafix Air-P - per 100 stuks,118.0
Infuus Intrafix safeset - per 100 stuks,107.99
Infuusflessen houder - per stuk,11.49
"Infuusleiding PE 1,0 x 2 mm 2 m - 200 stuks",128.99
"Infuusstandaard Color - geel, per stuk",107.99
"Infuusstandaard Color - Groen, per stuk",107.99
"Infuusstandaard Color - Rood, per stuk",107.99
"Infuusstandaard Color - Wit, per stuk",107.99
Injectiekussen - 30 x 15 cm blauw,19.99
Injectiekussen - 30 x 15 cm ivoor,19.99
Manchet voor druk infuus - per stuk,31.49
Onderdelen infuusstandaard - reserve houder voor lekglas,7.79
Onderdelen infuusstandaard - reserve opvangglas,7.79
Proset Intrafix Safeset - per 100 stuks,435.99
"SAF-T-Intima - 0,7 x 19 mm, kleur geel, met bijspuitpunt, per stuk",4.0
"Agani Injectienaalden - roze, 18G 1,2 x 38 mm, per 100 stuks",5.99
"Blunt Fill optreknaald - roze, 18G 1,2 x 40 mm, met filter, per 100 stuks",40.49
"Carpulenaalden - 27G kort, 0,4 x 25 mm paars",8.29
"Carpulenaalden - 27S 0,40 x 25 mm, kort, per 100 stuks",10.99
"Eclipse veiligheidsnaald - geel, 30G 0,3 x 13 mm, per 100 stuks",23.49
"Eclipse veiligheidsnaald - oranje, 25G 0,5x25 mm, per 100 stuks",23.49
"HS injectienaald 0,4 x 40 mm grijs - 100 stuks",3.79
"Injectienaalden - transparant, 15G 1,60 x 25 mm, per 100 stuks",4.89
"Maxima carpulenaalden - 27G geel, short Ø 0,4 x 23 mm",9.79
"Microlance disposable injectienaalden - blauw 0,6 x 25 mm, per 100 stuks",5.29
"optreknaald zonder filter - 18G 1,2 x 40 mm, 100 stuks",39.99
"Pencan spinale naald - 27G x 88 mm, 25 stuks",282.99
"Spinal injectienaald - zwart, 22G 0,7 mm x 8,9 cm 25 stuks",50.99
"Sterican Blunt Fill optreknaald - roze, 18G 1,2 x 40 mm, zonder filter, per 100 stuks",8.29
"Sterican injectienaalden - blauw, 0,6 x 25 mm, per 100 stuks",5.99
"Sterican injectienaalden - blauw, 23G 0,6 x 30 mm, per 100 stuks",5.99
"Sterican injectienaalden - blauw, 23G 0,6 x 60 mm, per 100 stuks",5.99
"Sterican injectienaalden - blauw, 23G 0,60 x 80 mm, per 100 stuks",13.79
"Sterican injectienaalden - bruin, 26G 0,45 x 12 mm, per 100 stuks",5.99
"Sterican injectienaalden - bruin, 26G 0,45 x 25 mm, per 100 stuks",5.99
"Sterican injectienaalden - geel, 20G 0,9 x 40mm, per 100 stuks",5.99
"Sterican injectienaalden - geel, 20G 0,9 x 50 mm, per 100 stuks",5.99
"Sterican injectienaalden - geel, 20G 0,9 x 70mm, per 100 stuks",5.99
"Sterican injectienaalden - geel, 30G 0,3 x 12 mm, per 100 stuks",5.99
"Sterican injectienaalden - geel, 30G 0,9 x 25 mm, per 100 stuks",5.99
"BD Plastipak Spritze Luer Lock zentr. - 10 ml, 100 stuks",31.99
"BD Plastipak Spritze Luer Lock zentr. - 3 ml, 100 stuks",133.99
"BD Plastipak Spritze Luer Lock zentr. - 30 ml, 60 stuks",38.49
"Carpulespuit - Knikmodel, metrisch 1,8 ml",36.99
"Discardit excentrisch - 10 ml, 100 stuks",10.49
"Discardit excentrisch - 5 ml, 100 stuks",6.79
Discardit II injectiespuit centrisch - 2 ml per 100 stuks,6.49
"Emerald injectiespuit 3-delig, luer - 2 ml, per 100 stuks",9.29
Inject-F Injectiespuit Luer 1ml - 100 stuks,17.0
"Injectiespuit 100ml katheter - 100 ml, per stuk",4.0
"Injectiespuit 2-delig, luer - 2 ml, per 100 stuks",6.79
"Injectiespuit 2-delig, luer - 10 ml, per 100 stuks",9.79
"Injectiespuit 2-delig, luer - 2 ml, per 100 stuks",5.99
"Injectiespuit 2-delig, luer - 20 ml, per 100 stuks",13.99
"Injectiespuit 2-delig, luer - 5 ml, per 100 stuks",6.49
"Injectiespuit 3-delig, luer - 3 ml, per 100 stuks",6.49
"Injectiespuit 3-delig, luer - 3ml, per 100 stuks",8.79
"Injectiespuit 3-delig, luer-lock - 3 ml, per 100 stuks",8.79
"Injectiespuit 3-delig, luer-lock - 5ml, per 100 stuks",32.49
"Injectiespuit 50/60ml katheter - 50/60ml, per stuk",1.99
"Injectiespuit 50/60ml luer - 50/60 ml, per stuk",1.59
"Injectiespuit 50/60ml luer-lock - 50/60ml, per 60 stuks",72.49
"injectiespuit 50ml katheter - 50 ml, per 50 stuks",45.49
"Injectiespuit fijndosering 1 ml - 1 ml, per 100 stuks",14.49
injectiespuit ins 1ml/40u - 100 stuks,11.99
,
,
,
,
,
,
,
,
,
Kinderstuwband Dino - per stuk,11.49
Stuwband - 200 stuks,120.49
Stuwband - wandhouder,62.49
Stuwband grijs - Reserveband,16.49
Stuwband grijs - Stuwband compleet,42.49
Stuwband groen - reserveband groen zonder sluiting,19.0
Stuwband groen - stuwband compleet,34.99
Stuwband Magic Rainbow - gele sluiting,10.99
Stuwband met kunststof sluiting - per stuk,6.29
"Acrylastic - 8 cm x 2,5 m, per stuk",23.99
"Artiflex - 6 cm x 3 m , per rol",3.09
"Bandafix - maat 0 vinger, 25 meter",13.79
"Bandafix - maat 1 hand/onderarm, 25 meter",32.49
"Bandafix - maat 1 hand/onderarm, 5 meter",11.99
"Bandafix - maat 2 bovenarm/elleboog/onderbeen, 25 meter",33.99
"Bandafix - maat 2 bovenarm/elleboog/onderbeen, 5 meter",12.99
"Bandafix - maat 3 knie/bovenbeen small, 25 meter",35.0
"Bandafix - maat 3 knie/bovenbeen small, 5 meter",15.49
"Bandafix - maat 4 bovenbeen/schouder, 25 meter",41.99
"Bandafix - maat 4 bovenbeen/schouder, 5 meter",15.99
"Bandafix - maat 5 bovenbeen/schouder, 5 meter",18.0
"Bandafix - maat 5 hoofd/gehele been, 25 meter",47.49
"Bandafix - maat 6 borst/rug/oksel, 5 meter",27.49
"Bandafix - maat 6, borst/rug/oksel, 25 meter",64.49
"Bandafix - maat 7 borst/rug/oksel large, 25 meter",91.49
"Bandafix - maat 7 borst/rug/oksel large, 5 meter",28.49
"Bandafix - maat 8 borst/rug/oksel XL, 25 meter",143.99
"Bandafix kant-en-klaar - Nr. 10 vinger, per 10 stuks",17.0
Bandafix neusverband - 25 stuks,79.99
"BBraun Askina ideaalwindsel - 6 cm x 5 m, 10 stuks",23.49
"Buisverband - 0 - 1,5 cm x 20 m, teen- en kinderverband",5.99
"Buisverband - Maat A, 4,5 cm x 10 m, per 2 stuks",76.49
Buisverband tricot - 23 m x 15 cm p.st,72.99
"CELLONA Polsterverband - 190 x 380 x 5 mm, 10 stuks",96.49
"Actimove sling - 5,5 cm x 12 m, per stuk",60.49
Askina celstofdeppers - per 500 stuks,8.0
Askina dispenser - per stuk,35.0
Burncare brandwonden gel - 6 doseerflessen 118 ml,34.99
Burncare brandwonden gel - 6 sachets à 34 gram (steriel),3.19
"Gaasdeppers - Ø 1 cm, 500 stuks",14.49
HEKA Finger Bob Blauw - 20 x 5 struks,50.99
HekaFix Trauma - per stuk,4.99
"Mitella katoen - 96 x 96 x 136, non woven, per stuk",0.69
"Mitella katoen - 96 x 96 x 136cm, per stuk",1.69
"Mitella viscose - 96 x 96 x 136 cm, per stuk",1.59
"Nekkraag - klein, 36 - 40 cm",11.49
Neusverband - per 20 stuks,14.99
"Oortampon - 24 mm, per 10 stuks",50.99
Prontosan spray - 75 ml spuitfles,8.79
Prontosan wondgel - 30 ml,27.99
Prontosan wondspoeling - fles 350 ml,14.49
"Snelverband Duits model - 3 m x 6 cm, kompres: 6 x 8 cm, per stuk",1.69
"Snelverband Hollands model - 12 x 12 cm, per stuk",0.79
Veiligheidsspelden - 12 stuks,1.0
"Vingerspalk Stack - maat 1, per stuk",6.49
"Vingerspalk Stack - maat 2, per stuk",5.79
"Vingerspalk Stack - maat 4, per stuk",6.49
"Vingerspalk Stack - maat 5, per stuk",7.79
"Vingerspalk Stack+ klittenband - maat 2, Ø 2,0 cm, lengte: 6 cm",7.79
"Askina Elast Fine in cellofaan verpakt - 4 cm x 4 m, per stuk in cellofaan",1.39
"Coban 2 laag Compressiesysteem - 3,5 cm x 10 meter, huidkleurig, per 8 stuks",180.99
"Curafix IV Cl fixatiepleister - 2,5 x 12,5 cm, 20 stuks",8.0
Curaplast Sensitive wondpleister - 5 m x 4 cm,12.99
Curaplast Sensitive wondpleister - 5 m x 6 cm,15.49
Curaplast Sensitive wondpleister - 5 m x 8 cm,19.99
"Curapor wondverband - 10 x 30 cm, 50 stuks",185.99
"Curapor wondverband - 10 x 8 cm, 5 stuks",7.0
"Curapor wondverband - 7 x 5 cm, 100 stuks",39.99
"Elastisch hydrofiel windsel - 4 m x 4 cm, 20 stuks",6.79
"Elastomull - 4 cm x 4 m, 20 stuks in cellofaan",19.99
"Elastomull - 4 m x 6 cm onverpakt, 100 stuks",48.49
"Elastomull Haft Color - 6 cm x 20 m, blauw, per stuk.",12.99
"Elastomull Haft wit - 4 cm x 4 m, 10 stuks",21.99
"Fixatievlies stretch - 5 cm x10 m, per stuk",4.79
"Fixatiewindsel - 4 cm x 4 m, 20 stuks",5.79
"Fixatiewindsel cohesief - 4 cm x 20 m, per stuk",7.0
"Fixatiewindsel crêpe - 10 cm x 4 m, 50 stuks",36.49
"Fixatiewindsel crêpe - 12 cm x 4 m, 20 stuks",15.99
"Fixatiewindsel crêpe - 6 cm x 4 m, 100 stuks",42.49
"Fixatiewindsel crêpe - 8 cm x 4 m, 100 stuks",54.49
"Fixomull Stretch - 10 cm x 10 m, per stuk",24.49
"Fixomull Stretch - 10 cm x 10 m, per stuk",38.99
"Fixomull Stretch - 10 cm x 2 m, per stuk",10.99
"Fixomull Stretch - 10 m x 20 cm, per stuk",31.49
,33.99
"Durapore hechtpleister - 9m x 1,25cm 24 stuks",36.49
"Durapore hechtpleister - 9m x 2,5cm 12 stuks",17.99
"Fix - 1,25 cm x 5 m, 18 stuks",20.49
"HekaPlast - 1,25 cm x 5 m, 18 rollen",12.49
"HekaPor - 2,5 cm x 5 m, 12 rollen",12.49
"HekaPor dispenser - 2,5cm x 5m, 6 dispensers",15.49
"HekaPor silk - 5m x 2,5cm, 12 rollen",23.49
"HS Por pleister - 5 m x 2,5 cm, 12 stuks",11.49
"HS silk pleister - 5 m x 2,5 cm, 12 stuks",46.49
"Leukofix - 1,25cm x 5m, 24 stuks",69.49
"Leukofix - 2,5 cm x 9 m, per stuk",7.79
"Leukoflex - 1,25cm x 5m, 24 stuks",91.49
"Leukoplast - 1,25 cm x 5 m, per stuk",3.19
"Leukoplast - 1,25 cm x 9,2 m, 24 stuks",67.0
"Leukoplast - 1,25 cm x 9,2 m, per stuk",3.69
"Leukoplast - 2,5 cm x 5 m",7.79
"Leukoplast - 2,5 cm x 5 m, per stuk",3.69
"Leukoplast - 2,5 cm x 5m , 12 stuks",39.99
"Leukoplast - 2,5 cm x 9,2 m, 12 stuks",68.0
"Leukoplast - 2,5 cm x 9,2 m, per stuk",6.29
Leukoplast - 5 cm x 5 m,9.79
"Leukoplast - 5 cm x 5 m, 6 stuks",40.49
"Leukoplast - 5 cm x 5 m, per stuk",6.49
"Leukoplast - 5 cm x 9,2 m, 6 stuks",67.0
,
,
,8.29
Leukotape foam - 10 stuks,43.99
"Leukotape K - 2,5cm x 5m huidkleurig, per rol.",13.79
"Leukotape Remover - per stuk, 350 ml",9.79
"Sporttape - 2,5 cm x 10 m wit, per stuk",4.0
"Star Tape SL - 5 cm x 5,5 m blauw, per stuk",10.99
"Strappal® tapeverband - 10x4cm, per 5 stuks",53.49
Tensospray - spuitbus 300ml,27.99
,
,
,
,
,
,
,1.49
"Noba synthetische watten - 15 cm x 3 m, per stuk",1.89
"Noba synthetische watten - 6 cm x 3 m, per stuk",0.89
"Synthetische watten - 10 cm x 3 m, per 6 rollen",11.99
"Synthetische watten - 8 cm x 2,75 m, per 5 rollen",3.89
"Synthetische wattenrol - 6 cm x 3 m, 108 rollen",104.99
Verbandwatten katoen zigzag - 100 gram,1.79
Vette Watten - 500 gram,11.49
Wattenbollen - 250 stuks,4.0
"Allevyn AG Gentle pleisters - 10x10cm, 10 stuks",401.0
"Aquacel Extra - 10 x 10 cm, 10 stuks",250.99
"Aquacel Extra - 4x10cm, 10 stuks",95.99
"Aquacel Extra - 4x20cm, 10 stuks",185.99
"Aquacell Foam AG - 8 x 8cm, 10 stuks",224.99
Askina injectiepleister 2x4cm - per 250 stuks,19.0
"Cosmopor eilandpleister steriel - 7,2 x 5 cm",19.0
"Cutanplast - Blokjes 10 x 10 x 10 mm, 24 stuks",35.0
"DermaPlast classic - 5 m x 6 cm, per stuk",9.79
Dermaplast Soft - 4cm x 5m,11.49
Dermaplast Soft - 6cm x 5m,14.99
Dermaplast Soft - 8cm x 5m,18.0
"Hansaplast Aktiv pleister gel - 43 x 68 mm, 8 strips",5.99
"Hansaplast Aqua wondpleister - 3 x 7,2 cm, 100 stuks",23.49
"Hansaplast Classic wondpleister - 4 cm x 5 m, per rol",10.49
"Hansaplast Elastic - 4 cm x 5 m, per rol",11.49
"Hansaplast Elastic - 6 cm x 5 m, per rol",14.29
"Hansaplast Elastic - 8 cm x 5 m, per rol",17.99
"Hansaplast elastisch wondpleister - 6 cm x 5 m, per rol",18.99
"Hansaplast elastisch wondpleister - 8 cm x 5 m, per rol",22.99
Hansaplast Junior - 20 strips,6.29
"Hansaplast soft wondpleister - 4cm x 5m, per rol",18.99
"Hansaplast soft wondpleister - 6 cm x 5 m, per rol",23.49
"Hansaplast soft wondpleister - 8 cm x 5 m, per rol",27.99
"Hansaplast vingerpleister - Elastisch, 4,4 x 5 cm, 50 stuks",24.99
,
,
,
"Askina Gaaskompresssen niet steriel - 10 x 10 cm, 8-laags",7.0
"Askina Gaaskompresssen steriel - 5 x 5 cm, 25 x 2 stuks",4.99
"Askina Soft, steriel - 7,5 x 5 cm, 50 stuks",36.99
"Atrauman zalfkompres - 5 x 5 cm, 10 stuks",17.0
"Cuticell Classic zalfkompres - 5 x 5 cm, 50 stuks",57.99
"Cuticell Contact - 5 x 7,5cm, 5 stuks",30.49
"Cuticerin Zalfkompres - 7,5 x 7,5 cm, 10 stuks",18.0
"Cutimed Alginate Steriel - 10 x 10cm, 10 stuks",89.49
"Cutimed Alginate Steriel - 5 x 5cm, 10 stuks",35.0
Cutimed Hydrogel - tube 15 gram,122.99
Cutimed Hydrogel - tube 8 gram,143.49
"Cutimed Protect - Creme, Tube 28 gram",18.0
"Cutimed Protect - Spray, 28 gram",41.49
"Cutimed Siltec border - 12,5 x 12,5 cm, 12 stuks",169.99
"CUTIMED Siltec steriel - 10 x 10 cm, 12 stuks",180.49
"CUTIMED Siltec steriel - 5 x 6 cm, 12 stuks",147.49
"Cutimed Sorbion Sachet S - 10 x 10 cm, 24 stuks",152.0
"Cutiplast Plus steriel - 10 x 7,8 cm, 55 stuks",88.99
"Cutiplast Plus steriel - 19,8 x 10 cm, 55 stuks",149.49
"Cutiplast Plus steriel - 7 x 5 cm, 5 stuks",3.89
"Cutiplast plus steriel eilandpleister - 10 x 7,8 cm, per 5 stuks",9.0
"Cutisorb absorberend kompres - 10 x 10 cm, 100 stuks",37.99
"Afdekdoek zelfklevend - 175 x 175 cm, 18 stuks",105.99
"Chirurgische afdekdoek - 40 x 50 cm, 100 stuks",47.99
"Chirurgische afdekdoek - 75 x 90 cm, 50 stuks",35.99
"Chirurgische afdekdoek - groen 100 x 100 cm, per stuk",10.99
"Chirurgische afdekdoek, klevend - 50 x 50 cm, 110 stuks",64.99
"Chirurgische afdekdoek, klevend - 50 x 70 cm, 60 stuks",48.49
"Chirurgische afdekdoek, klevend - 75 x 90 cm, 50 stuks",70.99
"Chirurgische gatdoek - 50 x 70 cm, gat: Ø 7 cm, 90 stuks",53.49
"Chirurgische gatdoek - 75 x 90 cm, gat: Ø 10 cm, 30 stuks",35.0
"Chirurgische gatdoek - blauw 100 x 100 cm, gat Ø7,5 cm, per stuk",14.49
"Chirurgische gatdoek, klevend - 2-delig, 45 x 75 cm, gat: Ø 7 cm, 60 stuks",111.49
"Foliodrape Protect afdekdoek - 45 x 75 cm, 65 stuks",30.49
"Foliodrape Protect afdekdoek, klevend - 45 x 75 cm, 60 stuks",49.99
"Foliodrape Protect afdekdoek, klevend - 75 x 90 cm, 40 stuks",52.0
"Foliodrape Protect gatdoek - 45 x 75cm, ø 7cm, 65 stuks",56.49
"Foliodrape Protect gatdoek - 75 x 90cm, ø 10cm , 40 stuks",46.49
"Foliodrape Protect gatdoek zelfklevend - 50 x 60 cm, ø 7cm, 70 stuks",69.99
"Foliodrape Protect gatdoek, klevend 2-delig - 45 x 75cm, 65 stuks",104.99
"Foliodrape splitdoek - 225 x 280 cm, 13 stuks",161.99
"Kleefstrook - 10 x 50 cm, per 200 stuks",125.49
"Operatietape - 9 x 49cm, 100 stuks",65.99
"Operatietape - 9 x 49cm, 400 stuks",243.99
"Warmtetherapie laken Bear Hugger - model 542, torso",150.99
,
,
,
"Arterieklem Kocher, recht - Blue Banner 13 cm",13.99
"Arterieklem Kocher, recht - Blue Banner 14,5 cm",15.99
"Arterieklem Kocher, recht - Blue Banner 16 cm",17.99
"Arterieklem Mosquito gebogen - 12 cm, gebogen A - kwaliteit",16.49
"Arterieklem Mosquito gebogen - 12 cm, gebogen Basic",16.75
"Arterieklem Mosquito gebogen - BH111R 12,5 cm",39.49
"Arterieklem Mosquito, gebogen - Blue Banner 12,5 cm chirurgisch",12.99
"Arterieklem Mosquito, gebogen - Blue Banner 9 cm anatomisch",9.79
"Arterieklem Mosquito, recht - Maxima 13 cm anatomisch",19.0
"Arterieklem Mosquito, recht - A-kwaliteit 12 cm anatomisch",11.99
"Arterieklem Mosquito, recht - Blue Banner 12,5 cm chirurgisch",12.49
"Arterieklem Mosquito, recht - Blue Banner 9 cm anatomisch",9.29
"Arterieklem Mosquito, recht - standaard 12 cm anatomisch",7.29
"arterieklem pean - 14 cm, gebogen",10.49
"arterieklem pean - 18 cm, gebogen, A - kwaliteit",24.99
Arterieklem Pean - BH442R 16 cm,44.2
"Arterieklem Pean, gebogen - Blue Banner 13 cm",14.79
"Arterieklem Pean, gebogen - Blue Banner 14,5 cm",15.99
"Arterieklem Pean, gebogen - Blue Banner 16 cm",17.99
"Arterieklem Pean, gebogen - Blue Banner 18 cm",19.0
"Arterieklem Pean, gebogen - Blue Banner 20 cm",24.49
"Arterieklem Pean, recht - A-kwaliteit 16 cm",18.99
Adson anatomisch pincet - 12 cm,12.99
"Arterieklem micro-Mosquito recht - lengte 12,5 cm, per 25 stuks",118.0
Blade remover - per 50 stuks,20.99
Bladeflask EVO scalpelverwijderaar - per stuk,48.49
Bladeflask scalpelverwijderaar - per stuk,43.99
"Chirurgische schaar sp/sp - lengte 13cm, per 25 stuks",110.49
Clipper mesjes voor tondeuse 9661L - 50 stuks,197.99
Dermablade shavebiopteur - per 50 stuks,143.49
Disposable Haaktang kunststof - per stuk,7.0
Disposable Haaktang RVS - per 5 stuks,41.99
Disposable IUD kit - per set,46.99
Disposable IUD schaar - per stuk,4.49
Disposable IUD set - per 10 stuks,277.99
Disposable IUD-set combi - per set,20.49
Disposable IUD-set klein kunststof - per set,9.29
Disposable IUD-set kunststof - per 5 sets,65.49
Disposable neusspeculum - per 20 stuks,36.49
Disposable Paktang Allis RVS - per stuk,9.0
Disposable Paktang kunststof - per stuk,2.0
Disposable Pincet kunststof - per stuk,2.19
"Disposable proctoscoop buizen - S, 14mm per stuk",2.39
"Disposable proctoscoopbuizen - 13x2cm, per 25 stuks",67.99
"Disposable Scalpels steriel met heft - figuur 10, per 10 stuks",7.0
"Disposable Scalpels steriel met heft - figuur 11, per 10 stuks",6.79
"Disposable Scalpels steriel met heft - figuur 24, per 10 stuks",6.79
Disposable draadhaakje per stuk verpakt - per 10 stuks,32.99
"Disposable Hysterometer - CH10, Ø3,3 mm, blauw, per 25 stuks",31.99
"Disposable Hysterometer - CH12, Ø4,3 mm, grijs, per 25 stuks",31.99
"Disposable Hysterometer - CH14, Ø4,67 mm, groen, per 25 stuks",29.49
"Disposable speculum Cusco - XS - Ø20 mm, 25 stuks",30.49
"Disposable Uterussonde Ramister - kop 3,8 mm, lengte 24 cm, per stuk","€ 2,29
1 X € 1,45"
"Disposable Uterussonde Ramister - kop 4,4 mm, lengte 24 cm, per stuk",1.99
"Foerster tampontang - 25 cm, recht A - kwaliteit",32.49
Haaktang Schröder (kogeltang) - lengte 25 cm,"€ 20,99
1 X € 15,95"
Haaktang Schröder - EO110R 25cm,69.49
Hegar Uterusdilatator RVS - Ø 10mm,12.49
Hegar Uterusdilatator RVS - Ø 3mm,9.79
Hegar Uterusdilatator RVS - Ø 5mm,11.49
Hegar Uterusdilatator RVS - Ø 6mm,12.49
Hegar Uterusdilatator RVS - Ø 7mm,12.49
Hegar Uterusdilatator RVS - Ø 8mm,12.49
Hegar Uterusdilatator RVS - Ø 9mm,12.49
"Hysterometer - lengte 27 cm, per stuk",2.39
"IUD draadhaak Rosendahl - 25 cm, per stuk",31.49
IUD paktang Mathieu - lengte 20 cm (meest gebruikt bij geboortezorg en verloskundige),74.49
IUD paktang Mathieu - lengte 28 cm,79.49
Kleenspec 800 verlichtingsunit (verwacht eind maart) - losse verlichtingsunit,260.99
Kleenspec 800 verlichtingsunit (verwacht eind maart) - oplader,114.49
Kleenspec 800 verlichtingsunit (verwacht eind maart) - verlichtingsunit + oplader,"€ 409,99
1 X € 299,00"
"Kleenspec specula - XS, per 96 stuks","€ 358,99
1 X € 199,99"
"Acufirm hechtnaalden - B204/15, per 12 stuks",17.0
"Acufirm hechtnaalden - G312/7, per 12 stuks",17.0
Combiset hechten 1 - per 8 sets,86.99
Combiset hechten 2 - per 8 sets,94.49
Combiset wondverzorging 1 - per 12 sets.,139.49
"Dermabond weefsellijm - 12 x 0,36 ml",223.99
Disposable hechtset fijn - per 15 stuks,183.99
Disposable hechtset standaard - per 15 stuks,156.99
Disposable onthechtingsset - per set,2.89
"Epiglu weefsellijm - enkel verpakking, 0,3 gr. per 25 stuks",237.99
"Epiglu weefsellijm - enkel verpakking, 0,3 gr., per 10 stuks",107.49
"Epiglu weefsellijm - tube, 3 gr.",126.99
"Ethibond - USP 2-0 SH+ 4x75 cm groen 6836E, per 24 stuks",375.99
"Ethilon - USP 6-0 FS3 45 cm zwart 660H, per 36 stuks",142.99
"Ethilon - USP 4-0 FS2 45 cm groen G662G, per 12 stuks",38.49
Hechtset - per set,9.79
"Histoacryl - 0,5 ml blauw, 5 ampullen",118.0
"Histoacryl - 0,5 ml kleurloos, 5 ampullen",125.99
"Histoacryl Octyl Micro *alternatief Histoacryl* - 0,5ml, 10 ampullen",232.0
"Histoacryl Octyl Micro *alternatief Histoacryl* - 1,0ml, 10 ampullen",278.99
"Indermil weefsellijm - 12 x 0,75ml",216.99
Manipler AZ huid-nietapparaat - per 6 stuks,61.99
"Mersilene - 2-0 FSL 75cm groen EH7638H, per 36 stuks",108.49
"Mersilene - USP 5-0 FS3 45 cm groen R670H, per 36 stuks",147.49
Michel agravetang - 12 cm B - kwaliteit,18.0
,
,
,
,
,
Accessoires Socorex oorspuit - reserve cilinder,23.49
Accessoires zelfvullende automatische oorspuit - Canule Conisch,9.29
Accessoires zelfvullende automatische oorspuit - Canule Kogel-Olijf,9.79
Accessoires zelfvullende automatische oorspuit - Canule Olijf (standaard),9.29
"Accessoires zelfvullende automatische oorspuit - Losse slang 0,5m",8.29
Accessoires zelfvullende automatische oorspuit - Rubberen afdichtring (zuiger),4.29
Accessoires zelfvullende automatische oorspuit - Spatscherm,25.49
Accessoires zelfvullende automatische oorspuit - Ventiel compleet,89.99
Accessoires zelfvullende automatische oorspuit - Ventiel los,69.49
Accessoires zelfvullende automatische oorspuit - Zinkkogel,7.29
Adapter plus disposable oortips en spatscherm - adapter + spatscherm + 100 disposable tips,102.0
"Algerbrush losse dips. frais - 0,5 mm, 5 stuks",83.99
Aquabot adapter - per stuk,8.79
"Cerumenhaakje - 3mm, 14cm lang",11.99
"Cerumenhaakje - 4mm, 14cm lang",11.99
"Cerumenhaakje - 5mm, 14cm lang",11.99
"Disposable frais voor Algerbrush oogboor - 0,5mm, 25 stuks",383.99
"Disposable frais voor Algerbrush oogboor - 1mm, 25 stuks",383.99
"Disposable frais voor Algerbrush oogboor - 1mm, 5 stuks",83.99
Frais adapter voor Algebrush oogboor - houder voor frais,13.49
Handvat voor mond-keelspiegel - per stuk,11.99
Knopsonde - ad,3.29
"Knopsonde - Ø1,5 mm - 16 cm",3.29
LED oorcurettes - LED unit + 50 stuks ronde lus,98.99
"Losse boortjes voor Algerbrush oogboor - frais 0,5mm, per 5 stuks",52.99
,
,
,
,
,
,
Arterieklem pean linkshandig - 16cm,30.49
Chirurgische schaar gebogen sp/sp linkshandig - 14cm,23.99
Chirurgische schaar gebogen sp/st linkshandig - 14cm,21.99
Chirurgische schaar recht sp/sp linkshandig - 14cm,18.99
Chirurgische schaar recht sp/st linkshandig - 14 cm,18.99
Chirurgische schaar recht st/st linkshandig - 14 cm,18.99
Episiotomieschaar Braun - Stadler Linkshandig - 14cm,46.49
Episiotomieschaar Braun Widia Linkshandig - 14cm,83.99
Episiotomieschaar Waldmann widia Linkshandig - 18cm,92.99
Irisschaar Linkshandig - gebogen 11cm,25.99
Irisschaar Linkshandig - recht 11cm,25.99
Ligatuurschaar Spencer Linkshandig - 11cm A-kwaliteit,26.99
"Lister verbandschaar Linkshandig - 14cm, A-kwaliteit",24.49
"Lister verbandschaar Linkshandig - 16cm, A-kwaliteit",32.99
Lister verbandschaar Linkshandig - 18cm. A-kwaliteit,33.99
"Mayo-Hegar naaldvoerder Widia Linkshandig - 16cm, A-kwaliteit",72.49
Naaldvoerder Mayo Hegar linkshandig A-kwaliteit - 16 cm,54.49
Naaldvoerder Olsen Hegar HM linkshandig - 16cm,87.49
Naaldvoerder Olsen Hegar linkshandig - 14cm,43.99
Navelstrengschaar Busch Linkshandig - 16cm,45.49
Prepareerschaar Metzenbaum gebogen st/st linkshandig - 14 cm,23.49
Prepareerschaar Metzenbaum gebogen st/st linkshandig - 23 cm,31.49
Prepareerschaar Metzenbaum recht st/st linkshandig - 14cm,20.99
Prepareerschaar Metzenbaum recht st/st linkshandig - 23cm,24.99
Speculum Cusco linkshandig - 120x35mm,39.49
,
,
,
,
"Mathieu naaldvoerder - 17 cm, per stuk",23.49
"Mayo Hegar naaldvoerder - 16 cm basic, per stuk",22.49
"Mayo Hegar naaldvoerder - Widia (verharder bek), 18 cm TC, per stuk",53.99
"Mayo-Hegar naaldvoerder - 14 cm, A - kwaliteit",18.99
"Mayo-Hegar naaldvoerder - 16 cm, A-kwaliteit",19.0
"Mayo-Hegar naaldvoerder - 18 cm, A - kwaliteit",32.49
"Naaldvoerder Crile Wood - 15 cm, A - kwaliteit",28.49
Naaldvoerder Crile Wood - Blue Banner 15 cm,17.99
"Naaldvoerder Crile Wood - Maxima , HM, 15 cm",70.49
Naaldvoerder Crile Wood - Maxima 15 cm,36.99
"Naaldvoerder Diadust micro - 14,5cm",583.54
Naaldvoerder Diadust micro - 17cm,583.54
"Naaldvoerder Diadust micro - 18,5cm",613.43
Naaldvoerder Mathieu - Blue Banner 14 cm,27.99
Naaldvoerder Mathieu - Blue Banner 20 cm,41.49
Naaldvoerder Mathieu HM - BM 154R 20cm,231.99
Naaldvoerder Mathieu HM - BM149R 14cm,171.99
Naaldvoerder Mathieu HM - BM151R 17cm,211.99
Naaldvoerder Mathieu HM - Maxima 14 cm,56.99
Naaldvoerder Mayo Hegar - Blue Banner 13cm,17.99
Naaldvoerder Mayo Hegar - Blue Banner 15cm,17.99
,
,
,
,
,
,
,
Reflexhamer Varioflex - lengte 22 cm,56.49
Reserverubber voor Berliner reflexhamer - Per stuk,2.29
"Stemvork met demper 128Mhz - C - 128 Mhz, A-kwaliteit",84.0
"Stemvork met demper 128Mhz - C - 128 Mhz, aluminium",26.49
Stemvork met knop - A1 - 440Hz,43.99
Stemvork met knop - C - 110Hz,91.49
Stemvork zonder demper - C-128 MHz,19.0
Stemvork zonder demper - C-256 MHz,19.0
Stemvork zonder demper - C-512 MHz,19.0
Stemvorkspanner - per stuk,27.99
Ballistol olie - fles 50 ml,3.89
Instrumentenolie 10ml - per stuk,8.79
Larynx masker - maat 5 volwassene 70-100 kg,19.99
"Maxima Oil Spray - Spuitbus, 500 ml",9.29
"Primary Barrier operatiejas - XL 127cm, per 24 stuks",100.99
"Redon drain steriel - CH10, per stuk",1.99
"Redon drain steriel - CH14, per stuk",1.99
"Redon drain steriel - CH8, per stuk",1.99
Redon fles - per 40 stuks,110.49
"Redon zuigbalg set - schroef CH06, 30 ml, 20 stuks",75.99
"Redon zuigbalg set - schroef CH08, 30 ml, 20 stuks",79.99
Sterilit oliespray - spuitbus 300 ml,24.99
Thermo-papierrol GX420D - per rol,10.49
Zirc EZ ID tape neon systeem cpl 70z310 - set van 8 rollen,81.49
,
,
,
,14.9
Anatomische pincet - 11 cm basic,6.6
"Anatomische pincet - 16 cm, recht A-kwaliteit",6.49
Anatomische pincet - Blue Banner 13 cm,8.79
"Anatomische pincet, slank - BD023R 11,5 cm",15.9
"Anatomische pincet, slank - BD025R 13 cm",18.0
"Anatomische pincet, slank - BD027R 14,5 cm",18.99
"Anatomische pincet, slank - BD029R 16 cm",20.49
"Anatomische pincet, slank - Blue Banner 12 cm",8.0
Chalazionlepel Meyhoefer - Ø1mm,28.99
"Chalazionpincet - 23 mm, Desmarres",34.99
"Chalazionpincet - 9cm, Ayer A - kwaliteit",38.49
Chalazionpincet Desmarres - lengte 8cm Ø12 mm,34.99
Chalazionpincet Desmarres - lengte 8cm Ø18 mm,34.99
"Chirurgisch pincet - 11 cm, 1 x 2 fijn A - kwaliteit",9.29
"Chirurgisch pincet - 14 cm, 3 x 4, recht A - kwaliteit",11.49
"Chirurgisch pincet - 14 cm, 4 x 5 recht A - kwaliteit",13.79
"Chirurgisch pincet - 14 cm, slank",5.79
"Chirurgisch pincet - 16 cm, 1 x 2 tands, recht, RVS",4.79
"Chirurgisch pincet - 18 cm, 1 x 2 A - kwaliteit",10.99
Chirurgische pincet - 14 cm A-kwaliteit,9.49
Chirurgische pincet - 14 cm basic,6.99
,
,
,
,
,
,
"Aesculap schaar HM golf recht sp/sp 11cm - BC211W, 11 cm",142.99
Chirurgische schaar gebogen sp/st - BC423 13cm,34.0
"Chirurgische schaar gebogen sp/st - BC424R 14,5 cm standaard",45.9
"Chirurgische schaar gebogen sp/st - BC426 16,5cm",37.49
"Chirurgische schaar gebogen sp/st - Blue banner 11,5cm",12.99
Chirurgische schaar gebogen sp/st - Blue banner 13cm,12.99
Chirurgische schaar recht sp/st - 14 cm A-kwaliteit,14.49
Chirurgische schaar recht sp/st - 14 cm basic,13.99
Chirurgische schaar recht sp/st - 16 cm - A kwaliteit,15.49
"Chirurgische schaar recht sp/st - BC303 13cm, slank model",37.99
"Chirurgische schaar recht sp/st - BC304 14,5cm, slank model",38.49
"Chirurgische schaar recht sp/st - BC320 10,5cm",31.99
Chirurgische schaar recht sp/st - BC323 13cm,33.99
"Chirurgische schaar recht sp/st - BC324 14,5cm",27.75
Chirurgische schaar recht sp/st - BC325 15cm,32.49
Chirurgische schaar recht st/st - BC313 13 cm,37.99
Chirurgische schaar recht st/st - BC315 15 cm,40.49
"Chirurgische schaar recht st/st - BC316R 16,5 cm",53.99
Chirurgische schaar recht st/st - Blue banner 13 cm,14.29
"Chirurgische schaar recht st/st - Blue banner 14,5 cm",15.49
Chirurgische schaar sp/sp gebogen - per stuk 14 cm - A kwaliteit,11.49
Chirurgische schaar sp/sp recht - per stuk 11 cm - A kwaliteit,16.49
Chirurgische schaar sp/sp recht - per stuk 14 cm - A kwaliteit,10.99
Chirurgische schaar sp/sp recht - per stuk 16 cm - A kwaliteit,15.49
"Chirurgische schaar sp/st gebogen - gebogen A, 14 cm, per stuk",19.49
,
,
,
,
,
,
,
,
,
,
,
,
,
,
,
,
,
Nageltang met bufferveer - 14 cm,13.99
Paktang Collin - Maxima 17cm,84.0
reserve nagelboortjes - per 10 stuks,69.99
Reserve nagelboortjes voor Nagelboor Martin - per set van 3 boortjes,14.49
Amnicot vliezenbreker - per 100 stuks,367.0
"Cord Clamp Clipper, kunststof - per stuk",22.5
"Disposable episiotomieschaar steriel Braun Stadler - lengte 14,5 cm, per 10 stuks",39.99
Disposable hechtset verloskunde steriel - per 10 sets,126.49
Disposable partusset steriel - per 10 sets,148.49
Episiotomieschaar Braun-Stadler - A-kwaliteit 14 cm,24.49
Episiotomieschaar Braun-Stadler - Basic 14 cm,28.0
Episiotomieschaar Braun-Stadler - ET140R 14cm,78.49
Episiotomieschaar Braun-Stadler HM - 14 cm A-kwaliteit,99.49
Episiotomieschaar Waldmann - standaard 18 cm,34.0
Episiotomieschaar Waldmann HM Widia - 18cm A-kwaliteit,79.99
"Hegar Cervix Dilator - Ø 1,0/2,0 mm, 22 cm, per stuk",11.49
Navelstrengschaar Busch - A-kwaliteit 16 cm,32.49
Navelstrengschaar Busch - basic 16 cm,29.35
Navelstrengschaar Busch - BC797R 16cm,65.0
Navelstrengschaar Schumacher - A-kwaliteit 16 cm,40.49
"Navelstrengschaar USA - 10,5cm ET152R",81.99
Navelstrengschaar USA - per stuk,32.49
Vliezenbreker Beacham - 25cm,18.0
Vliezenbreker Beacham 17cm A-kwaliteit - A-kwaliteit 17 cm,16.99
,
,
,
,
,
,
,
,
,
,
767 bloeddrukmeter - statiefmodel,385.99
767 bloeddrukmeter - tafelmodel,227.99
767 bloeddrukmeter - wandmodel,210.99
Bloeddrukmeter - per stuk,36.99
"Bloeddrukmeter ballon, ventiel - ballon met ventiel",19.49
"Bloeddrukmeter ballon, ventiel - ventiel",16.49
DS 54 handbloeddrukmeter - per stuk zonder lepel,69.99
DS 55 handbloeddrukmeter - zwart,86.99
DS 58 handbloeddrukmeter - per stuk,197.99
DS 65 handbloeddrukmeter - per stuk,85.99
DS 66 handbloeddrukmeter - per stuk,135.99
Etui voor bloeddrukmeter DS54/55/65 - per stuk,15.99
"Flexiport connector - 1-slang, per 10 stuks",10.49
"Flexiport EcoCuff - kind, armomvang 15 - 21cm",415.99
"Flexiport manchet disposable - baby, armomvang 9 - 13cm",179.99
"Flexiport manchet zonder slang - nr.07 baby, armomvang 9 - 13 cm",30.99
"Flexiport manchet zonder slang - nr.08 kleuter, armomvang 12 - 16 cm",30.99
"Flexiport manchet, 1-slang - nr. 07 baby, armomvang 9 - 13cm",37.99
"Flexiport manchet, 2-slangs - nr 11L-2TP, armomvang 25 - 34 cm",37.99
"Flexiport manchet, 2-slangs - nr. 07 baby, armomvang 9 - 13cm",37.99
Flexiport verlengslang 80cm - per 10 stuks,47.49
Gamma G5 bloeddrukmeter - per stuk,82.49
Gamma G7 bloeddrukmeter - per stuk,118.99
Gamma GP bloeddrukmeter - per stuk,105.99
"Gamma manchet enkele slang - baby, armomvang 8 - 13cm",30.99
"ABI MD manchet set - maat L, per set",200.0
"ABI MD manchet set - maat M, per set",185.0
ABPI MD - per stuk,"1 X € 2.650,00"
"ABPI MD manchet set - maat M, per 4 stuks",245.0
ABPI MD opbergtas - per stuk,200.0
ABPI MD trolley - per stuk,600.0
ABPI MD USB kabel - per stuk,16.49
ABPM 7100 - inclusief software,"1 X € 2.422,99"
ABPM 7100 - tas,134.49
ABPM 7100 manchetten - kind 14 - 20 cm,98.99
ABPMpro - per stuk,"1 X € 2.073,33"
"ABPMpro manchet - S, 18 - 24 cm, per stuk",277.99
"Accessoires voor CSM 7100 - bureaustandaard, excl. CSM monitor",235.99
"Accessoires voor CSM 7100 - verrijdbaar statief, excl. CSM monitor",424.99
"Accessoires voor CSM 7100 - voeding/adapter, excl. CSM monitor",91.99
"Accessoires voor CSM 7100 - wandhouder, excl. CSM monitor",527.99
Adapter voor Microlife BPA/B serie bloeddrukmeter - per stuk,23.49
Bescherming voor manchet - per 2 x 50 stuks,15.49
"Bloeddrukmeter manchet - maat L, 22 - 32 cm",25.49
"Bloeddrukmeter manchet - maat XL, 32 - 42 cm",25.49
"Boso manchet voor digitale meter - Kind, per stuk",31.99
BPA6 BT bloeddrukmeter - per stuk,107.99
BPB1 Classic - per stuk,47.49
BPB2 basic - per stuk,61.49
BPB3 AFIB bloeddrukmeter - per stuk,74.99
Accessoires IC1 Dermatoscoop - IC1 houder voor iPhone 5 en 5S,42.49
Accessoires IC1 Dermatoscoop - iC1 houder voor iPhone 6 en 6S,43.49
Accessoires IC1 Dermatoscoop - iC1 houder voor iPhone 7 en 8,43.49
Accessoires IC1 Dermatoscoop - iC1 USB kabel,19.49
"Beta 200 halogeen otoscoop - 2,5V halogeen",175.99
Beta 200 LED oog/oor set - met USB oplader,"1 X € 1.039,99"
Beta 200 LED oog/oor set bureau - complete set,"1 X € 1.216,99"
Beta 200 LED ophtalmoscoop bureau - complete set,872.99
Beta 200 LED ophtalmoscoopset oplaadbaar - met USB oplader,626.99
Beta 200 LED otoscoop - per stuk,298.99
Beta 200 LED otoscoop set bureau - per set,755.99
Beta 200 LED otoscoop set oplaadbaar - met USB oplader,594.99
"Beta 200 LED/halogeen ophtalmoscoop - 2,5V halogeen",328.99
"Beta 200 LED/halogeen ophtalmoscoop - 3,5V halogeen",327.99
Beta 200 LED/halogeen ophtalmoscoop - Beta 200 LED,424.99
Beta 200 LED/halogeen ophtalmoscoop - Beta 200-S LED,381.99
Beta 200 otoscoop set batterij - per set,297.99
Beta 4 bodem eenheid - per stuk,86.99
Beta 4 Li-Ion batterij - per stuk,89.99
Beta 4 NT bodem eenheid - per stuk,58.49
"Beta 4 NT handvat - oplaadbaar handvat, zonder oplader",198.99
"Beta 4 NT handvat, klein - oplaadbaar handvat, zonder oplader",198.99
Beta 4 USB handvat - met USB oplader,311.0
"Beta 400 halogeen otoscoop - 2,5V",208.99
Beta 400 LED oog/oor set bureau - complete set,"1 X € 1.479,99"
,
,
,
,
,
,
,
,
,
,
,
,
,
,
,
,
,
,
,
,
,
Wood UV-lamp - per stuk,70.49
Adapter voor de Microgard filters - per 10 stuks,47.99
Bacteriefilter - per 50 stuks,81.99
"Bacteriefilter 83 geel - filters, per 100 stuks",137.49
Bacteriefilter 83 oranje - per 100 stuks,137.49
Disposable bacteriefilter voor mTablet spirometer - per 50 stuks,90.0
Drukslang voor spiroperfect spirometer - drukslang,60.99
ECO BVF kit filter met bijtrand en neusklem - per 75 stuks,100.99
Incheck Dial - per stuk,141.99
Incheck Dial G16 disposable mondstuk met 1 weg klep - per 100 stuks,82.99
Kalibratiespuit - per stuk,475.0
Kalibratiespuit 3 liter - per stuk,517.56
Kalibratiespuit 3 liter - per stuk,465.0
Kalibratiespuit 3 liter - per stuk,488.99
"Microgard bacteriefilter - ovaal mondstuk, per 50 stuks",91.99
"Microgard bacteriefilter - rond mondstuk, per 50 stuks",80.49
"Microgard bacteriefilter sets - IIB Filterkit + neusklem, 80 stuks ovaal",183.99
"Microgard bacteriefilter sets - IIC Filterkit + mondstuk + neusklem, 80 stuks rond",186.99
"Mondstuk spirometer - met ventiel, per 200 stuks",79.99
Mondstuk spirometer - per 100 stuks,23.99
Mondstuk tbv Hellige Vicatest p2-a - 100 stuks,14.99
"mTablet muur ophanghaak - horizontale muurhaak, per stuk",25.0
"mTablet muur ophanghaak - verticale muurhaak, per stuk",20.0
mTablet Spiro uitbreidingsmodule - Per stuk,"1 X € 1.950,00"
mTablet stroom adapter - per stuk,90.0
mTablet Trolley - per stuk (excl. mTablet),975.0
,
,
,
,
Cardiology IV - zwart,264.99
Cardiology IV special - zwart/champagne,301.0
Classic II Infant (baby) - zwart,"€ 124,49
1 X € 104,85"
Classic II Pediatric (kind) - zwart,"€ 124,49
1 X € 104,85"
Classic III - bordeaux,"€ 127,99
1 X € 107,95"
Classic III - caribean blauw,"€ 127,99
1 X € 107,95"
Classic III - grijs,"€ 127,99
1 X € 107,95"
Classic III - lavendel,"€ 127,99
1 X € 107,95"
Classic III - lemon/lime,"€ 127,99
1 X € 107,95"
Classic III - lichtblauw,"€ 127,99
1 X € 107,95"
Classic III - navy,"€ 127,99
1 X € 107,95"
Classic III - paars,"€ 127,99
1 X € 107,95"
Classic III - parelroze,"€ 127,99
1 X € 107,95"
Classic III - turquoise,"€ 127,99
1 X € 107,95"
Classic III - zwart,"€ 127,99
1 X € 107,95"
Classic III Special - black edition,141.49
"Core digitale stethoscoop - zwart, per stuk",380.99
"Dual Head stethoscoop - zwart, volwassene",10.49
HS membraan Rappaport stethoscoop - Groot per stuk,3.19
HS membraan Rappaport stethoscoop - Klein per stuks,3.19
HS oordop groot v Dual Head stethoscoop - paar 2 stuks,3.69
Leraren stethoscoop - Per stuk,38.49
"Littmann onderdelen sets - Master Cardiology, zwart, 40011",28.99
Master Cardiology - zwart,295.99
Master Cardiology Special - black edition,313.99
Batterij pack voor Pro 6000 thermometer - battery pack,30.99
Braun Pro 4000/6000 beschermkapjes - per 200 stuks,12.29
"Braun Pro 6000 laadstation, accu - laadstation",168.0
Braun Pro 6000 oorthermometer - Pro 6000 met cradle,227.99
Braun Pro 6000 oorthermometer - Pro 6000 met grote cradle,240.99
Ecotemp MC 246 - per stuk,8.79
Flextemp MC 343 - per stuk,11.49
IR210 Oorthermometer - per stuk,45.99
Lenshoesjes MC520 en MC521 - per 40 stuks,13.29
MC 520 oorthermometer - per stuk,53.49
MC 522 Pro *TIJDELIJK NIET LEVERBAAR* - per stuk,99.49
NC200 Non-contact voorhoofd thermometer - Per stuk,49.49
Oorthermometer beschermkapjes IR210 - per 40 stuks,9.79
"Pentype thermometer - MT200, per stuk",9.79
Probe covers + laadapparaat *TIJDELIJK NIET LEVERBAAR* - laadapparaat,31.49
Riester oorthermometer kapjes - 100 stuks,17.99
Sure temp thermometer probe covers - per 25 stuks,2.89
"Thermometerhoesjes - met glijmiddel, per 1000 stuks",40.99
Thermometerhoesjes - per 1000 stuks,27.49
"Thermometerhoesjes - zonder glijmiddel, per 1000 stuks",26.99
Thermoscan 7 IRT 6520 - per stuk,67.0
Voorhoofd thermometer - per stuk,41.5
Welch Allyn Pro 6000 incl. 800 beschermkapjes - per set,155.0
201 meetlint - per stuk,12.49
206 rol-meetlat - per stuk,30.99
210 meetmat - per stuk,106.49
212 meetlint - per 15 stuks,54.49
216 wandmeetlat - per stuk,153.99
217 stadiometer - per stuk,256.99
220 stadiometer - per stuk,146.49
222 stadiometer - per stuk,219.99
264 Stadiometer - Per stuk,877.37
274 stadiometer - Per stuk,925.83
285 Meetstation - Per stuk,"1 X € 1.773,31"
336 babyweegschaal - per stuk zonder wifi,663.95
354 baby/peuter weegschaal - per stuk,265.99
376 babyweegschaal - per stuk,"1 X € 1.035,11"
384 Baby/peuter weegschaal - per stuk,522.71
413 tas - per stuk,75.99
415 draagtas voor weegschaal - per stuk,44.99
416 babymeetbak - Per stuk,393.99
428 tas - per stuk,73.49
431 Rugtas - per stuk,71.49
437 koppelstuk - per stuk,71.49
704 weegschaal tot 300 kg - per stuk,"1 X € 1.288,74"
719 Supra - per stuk,246.99
750 Viva - wit,146.49
750 Viva - zwart/wit,150.0
Aluminium oorspoeling-beker - per stuk,23.99
Ampullen opener - per stuk,16.49
"Bewaardoosje - 200ml, 65 x 85 mm (Ø x H) 10 stuks",6.29
Bio Cup - Verpakking 20 x 50 stuks,104.49
Cervixspatel - per 100 stuks,5.99
Cytobrush cervixborstel - per 100 stuks,35.0
Deksel voor medicijnbeker met gradatie - per 500 stuks,9.49
"Disposable drinkbekers - 150ml, per 75 stuks",2.89
Disposable Nierbekken - per 300 stuks,30.49
Doseerdop voor glazen flesje - per 10 stuks,2.89
"Druppelpipet voor glazen flesje - voor 5ml fles, 10 stuks",7.79
Dräger Mondstuk Slide 'n Click 6812287 - 10 stuks,16.49
Faecespotje - per 100 stuks,28.49
"Glazen flesje - 5ml, per 10 stuks",4.69
"Herculite XRV - spuitje - Enamel A3, 5 g",42.49
Instrumentendoos aluminium - afmetingen: 17 x 7 x 3 cm,18.0
Instrumentendoos RVS - afmetingen: 16 x 10 x 3 cm,39.99
Instrumentendoos RVS - afmetingen: 17 x 7 x 2c m,28.49
"Instrumentenschaal - 19 x 15 x 1,7cm",6.49
Laboratoriumwekker - per stuk,9.79
"Maatglas, hoog - 50ml",6.49
"Maatglas, laag - 50ml",5.99
Medicamentenzakje - 4 x 6 cm per 100st,2.39
"Medicijnbeker met gradatie - transparant, per 80 stuks",1.59
Merckofix spray 100ml - per stuk,17.0
,
,
,
,
,
,
,
,
,
,
,
"Centrifugebuis - 100 x 16 mm rond, 1000 stuks",48.99
"Centrifugebuis - 100 x 16 mm rond, 2000 stuks",75.49
"Centrifugebuis - 105 x 16 mm taps, 2000 stuks",83.99
"Centrifugebuisje - met conische bodem, per 10st",8.79
"Centrifugebuisje - met conische bodem, per 10st",8.79
"Centrifugebuisje - met ronde bodem, per 10st",8.79
Dop voor reageer-/centrifugebuisje - per 100 stuks,3.29
EBA 200 centrifuge - per stuk,"1 X € 1.222,76"
"Reageer-/centrifugebuisje - 12 ml, 110 x 17 mm (L x Ø) per 500 stuks",34.0
Reageer-/centrifugebuisje - per 250 stuks,12.99
Reageer-/centrifugebuisje - per 500 stuks,72.49
"Reageerbuishouder - voor 12 buisjes, 164 x 55 x 76 mm (l x b x h)",20.49
"Reageerbuishouder - voor 24 buisjes, 220 x 80 x 79 mm (l x b x h)",25.99
Reageerbuishouder voor 12 buisjes - per stuk,12.99
"Reageerbuisje - 16 x 100 mm (Ø x L), met dop, 100 stuk",29.49
"Reageerbuisje - 16 x 100 mm (Ø x L), per 78 stuks",20.99
"Reageerbuisje - 16 x 160 mm (Ø x L), glas ronde bodem gerolde rand, per 10st",2.39
"Reageerbuisje - 16 x 160mm (Ø x L), glas ronde bodem gladde rand, per 10st",2.69
,
,
,
,
,
,
,
,
,
,
,
,
,
,
,
,
,
Koelkast HC 302 - per stuk,"1 X € 1.180,48"
Koelkast HC 302 DIN - per stuk,"1 X € 1.092,86"
Koelkast HC 502 - per stuk,"1 X € 1.297,99"
Koelkast HC 502 DIN - per stuk,"1 X € 1.169,15"
L130/P130 medische koelkast DIN - L130 met dichte deur,"1 X € 2.218,00"
L130/P130 medische koelkast DIN - P130 met glasdeur,"1 X € 2.716,00"
L290/P290 medische koelkast DIN - L290 met dichte deur,"1 X € 2.886,99"
L290/P290 medische koelkast DIN - P290 met glasdeur,"1 X € 3.237,99"
L55/P55 medische koelkast DIN - L55 met dichte deur,"1 X € 1.774,00"
L55/P55 medische koelkast DIN - P55 met glasdeur,"1 X € 2.182,00"
"Lade voor Liebherr koelkast - Alucool lade per stuk, aluminium",353.99
"MKUv 1610 medicijnkoelkast - per stuk, met dichte deur","€ 2.649,00
1 X € 1.850,00"
"MKUv 1613 medicijnkoelkast - per stuk, met glasdeur","€ 2.557,00
1 X € 2.150,00"
RC- 4 datalogger - per stuk,40.99
RC-5+ datalogger - per stuk,54.99
YC-130EL medicijnkoelkast met geïntegreerde logger - per stuk,"1 X € 1.722,99"
YC-395 EL medicijnkoelkast met geïntegreerde logger - per stuk,"1 X € 2.416,99"
YC-56EL medicijnkoelkast met geïntegreerde logger - per stuk,"1 X € 1.409,99"
YC-76EL medicijnkoelkast met geïntegreerde logger - per stuk,"1 X € 1.548,99"
BBS binoculaire microscoop - per stuk,737.15
BMS monoculaire microscoop - per stuk,587.66
"Dekglaasjes - 18 x x18 cm, 100 stuks",1.99
"Dekglaasjes - 24 x 24 mm, 1000 stuks",40.99
"Dekglaasjes - 60 x 24 mm, 1000 stuks",53.99
Dekglas pincet - per stuk,4.69
eduLED FLArq - binoculair,487.99
eduLED FLArq - monoculair,351.99
Objectglaasjes geslepen met matrand - per 50 stuks,5.29
"Objectglaasjes zonder matrand - 76x26mm, per 50 stuks",2.39
Reservelamp voor BMS microscoop - per stuk,18.99
,
,
,
Clearview HCG II zwangerschapstest - 20 stuks,39.99
D-Dimer test - per 10 stuks,79.49
Determine HIV Combo test - 20 stuks,226.99
HCG Zwangerschapstest - 10 cassettes,17.0
HCG Zwangerschapstest - 50 strips,26.99
hCG zwangerschapstest - cassette per 20 stuks,29.49
hCG zwangerschapstest - strip per 50 stuks,33.99
Mondstuk voor Alcotest 5820 - per 100 stuks,73.49
Multi-drugstest 6 parameters - per 10 stuks,44.99
NycoCard CRP Testcassettes - 48 stuks,226.99
"NycoCard CRP Testcassettes - Capillairen, 200 stuks",49.49
One Step multi-drugstest 5 parameters - per 25 stuks,60.49
"OneStep zwangerschapstest - cassettes, per 40 stuks",32.49
"OneStep zwangerschapstest - strips, per 50 stuks",20.99
pH-FIX teststrips - meetbereik: 0 - 14 per 100st,19.99
"pH-FIX teststrips - meetbereik: 2,0 - 9,0 per 100st",19.99
"pH-FIX teststrips - meetbereik: 4,5 - 10 per 100st",20.49
QuikRead Cuvet Transport Box - per stuk,29.99
QuikRead Go accumulator unit - per stuk,119.99
QuikRead Go transport tas - per stuk (exclusief QuikRead Go analyzer en werkstation),108.99
QuikRead go® analyzer - per stuk,"1 X € 1.649,59"
QuikRead go® barcode scanner - per stuk,273.99
,
,
,
,
,
,35.99
Accu-Chek Fastclix prikapparaat - per stuk,35.0
Accu-Chek Instant startpakket - complete set,32.49
Accu-Chek Instant teststrips - per 50 strips,31.99
Accu-Chek Safe T-pro Plus - 200 stuks,39.99
Accu-Chek Softclix lancetten - per 200 stuks,29.49
"Accutrend Plus teststrips - cholesterol, 25 stuks",56.99
"Accutrend Plus teststrips - lactaat, 25 stuks",79.99
Acon Mission 3 in 1 capilaires 35 µL - per 50 stuks,20.49
Acon Mission 3 in 1 cholesterol testtrips - per 25 stuks,104.49
Acon Mission 3 in 1 lancetten - 25 stuks,11.99
Acon Mission 3 in 1 test vloeistof - per stuk,28.49
Acon Mission 3 in 1 teststrips comp - 5 stuks,22.99
Acon Mission Plus Hb capilaires 10µl - per 50 stuks,20.49
Acon Mission Plus Hb controle vloeistof - per stuk,23.99
Acon Mission Plus Hb test strips - per 50 stuks,69.49
Actim CRP test - per 20 stuks,100.99
"Adapter voor HemoCue meter - 201/301, per stuk",44.49
Allergie lancetten - per 200st.,11.49
Bloedafname Safe lancet - per 200 stuks,46.99
,
,
,
,
,
,
,
,11.99
Combi 5 - per 50 stuks,19.99
Combi 5N - per 50 stuks,19.99
Combi 5S - per 50 stuks,18.99
Combi 7 - per 100 stuks,37.49
Combi 8L - per 100 stuks,42.49
Combi 9 - per 100 stuks,42.49
Combur 10 - 100 stuks,51.0
Combur 10 UX - 100 stuks,53.49
Combur 2 LN - 50 stuks,17.0
Combur 3 - 50 stuks,12.99
Combur 3E - 50 stuks,18.0
Combur 4 + N - 50 stuks,17.99
Combur 6 + leuco's - 50 stuks,34.0
Combur 7 - 100 stuks,40.99
Combur 9 - 50 stuks,32.49
Glucose - per 50 stuks,7.79
Ketonen - per 50 stuks,7.79
,281.99
"Beademingsballon siliconen - 280 ml, per stuk",101.99
Beademingsdoekje - per stuk,4.0
"Beademingsmasker met kussenrand - maat 0, prematuur",5.79
"Beademingsmasker met kussenrand - maat 1, baby",5.79
"Beademingsmasker rond - maat 0, prematuur",16.49
"Beademingsreservoir 0,6l - per stuk",23.49
"Beademingsreservoir los (excl. ballon) - 1600 ml, per stuk",17.99
"Clear Line II beademingsset - baby, maat 0 280 ml",21.49
Combibag beademingsballon volw z. masker - per stuk,300.0
"Combibag, masker - tiener, masker 3",70.99
"Combibag, zuurstofreservoir - per stuk",52.0
Combitube noodintubatie set - per stuk,122.99
"DCT Zuurstofbril peuters 2,1m slang - per stuk",2.0
Hyperventilatiemasker met reservoir - per stuk,7.0
"Non-rebreathing zuurstofmasker + reservoir, volwassenen - per stuk",4.69
"Non-rebreathing zuurstofmasker met slang + reservoir - kind, per stuk",4.99
"Non-rebreathing zuurstofmasker met slang + reservoir - volwassene, per stuk",4.99
Pocket Breezer - compleet,11.99
Pocket mask - volwassenen,27.99
"Pocket mask, toebehoren - bacteriefilter",5.79
Reserve ventiel voor beadmingsballon - per stuk,7.79
"The Bag II beademingsset - kind 500 ml, masker 3",15.99
Van Heek beademingsdoekje - per stuk,1.29
Zuurstof afdichtingsring - per stuk,2.59
,
,
,
,
,
,
,
,160.99
Heartstart FRX elektroden - per paar,79.49
Heartstart HS1 AED - per stuk,"1 X € 1.685,67"
Heartstart HS1 elektroden - kinderen,183.99
Heartstart HS1 elektroden - volwassenen,106.49
Heartstart HS1 wandhouder - wandhouder,216.99
Heartstart HS1/FRX batterij - per stuk,217.99
Ophangbeugel voor Mindray C2 AED - per stuk,119.49
,
,
,
,
,4.29
"Koud warm kompres - 30 x 40 cm, per stuk",4.99
"Rapid Cold Bag - 14,5 x 18,5 cm, per 24 stuks",26.99
Sport Cooling spray - spuitbus 200ml,6.79
,
,
,
,
8500 Pulsoximeter - Pulsoximeter met vingersensor,818.6
Flexiwrap voor Infant Flex Sensor 8008JFW - per 25 stuks,56.99
"FlexiWraps voor Flex sensor - Per 25 stuks, volwassene 8000JFW",48.99
Infant Flex Sensor + FlexiWrap 8008JFW - 1 sensor + 25 FlexiWraps,211.99
mTablet SpO2 sensoren - oorsensor,225.0
mTablet SpO2 sensoren - softtip large,205.99
mTablet SpO2 sensoren - softtip medium,225.0
mTablet SpO2 sensoren - softtip small,225.0
mTablet SpO2 sensoren - vingerclip,205.99
mTablet SpO2 sensoren - wrap sensor,225.0
mTablet SpO2 sensoren - Y-sensor,206.99
mTablet SpO2 uitbreidingsmodule - SpO2 uitbreidingsmodule (excl. Tablet),725.0
"Onyx Vantage 9590 - zwart, per stuk",206.99
Oorclip sensor 8000Q - per stuk,322.99
Oxy 10 losse probe - pediatric clip probe,69.49
Oxy 10 losse probe - Pediatric rubber probe,68.99
Oxy 10 losse probe - Y- pobe,76.49
Oxy 10 Pulsoximeter - per stuk,240.99
"Palmsat 2500 pulsoxymeter - 2500, zonder alarm",628.9
"Palmsat 2500 pulsoxymeter - 2500, zonder alarm met vingersensor",813.45
"Palmsat 2500 pulsoxymeter - 2500A, met alarm en vingersensor",850.56
Pulsoximeter - per stuk,61.99
Pulsoximeter SP-20 - per stuk,300.0
Pulsoxymeter - per stuk,373.99
"Pulsoxymeter sensoren - siliconen, volwassene",76.99
Reddingsdeken - per stuk,1.99
Sirius Plus reddingsdeken - per stuk,17.0
Sirius reddingsdeken - per stuk,3.79
,
,
,
,
,
,
"Jumble's eerste hulp tas - rood, per stuk",29.49
"Jumble's eerste hulp tas - zwart, per stuk",30.49
Losse vulling verbandkoffer BHV 2016 - per set,38.99
Losse vulling verbandkoffer Minimulti B - per set,26.49
Losse vulling verbandkoffer Multi A - per set,45.49
"Moduletas - rood, per stuk",19.99
Traumatas/verlostas - kleur rood: tas van Polyamide,188.09
Traumatas/verlostas rugtas met wielen - per stuk,281.99
Uitschuifbare trolley geschikt voor traumatas/verlostas - trolley,42.99
Ulmer koffer basis - per stuk,685.6
Verbandkoffer Minimulti B - per stuk,39.49
Verbandkoffer Multi A - per stuk,87.49
Weinmann Ulmer koffer II leeg - per stuk,928.92
,
,
,
,
,
,
,
,
"Mayo/guedel tubes - maat 4, 100mm rood per 10 stuks",14.29
Mayo/guedel tubes set - set 8 stuks,10.49
Vernevelaar met mondstuk - per stuk,3.39
"Verneverlaar kit - kind, per stuk",3.69
"Verneverlaar kit - volwassene, per stuk",3.69
"Zuigcatheter - CH14 recht, 50 stuks",21.49
,
,
,
,
,
,
,
,
,249.99
Cardiovit FT-1 Trolley - trolley,"1 X € 1.721,76"
Cardiovit FT-1 Trolley lade - lade voor trolley,766.02
"Complete, ECG en Bloeddrukmeter in 1 - per stuk",160.0
Disposable holter tasjes - per 100 stuks,103.49
ECG CP 150 - CP150 cardiograaf,"1 X € 3.743,99"
"ECG USB kabel - 3 meter, per stuk",640.99
"Kabelarm Pro Resting ECG - per stuk, oud model",168.0
"Kabelhouder voor Cardioperfect ECG apparaat - per stuk, nieuw model (vanaf 2020)",178.99
Kardia Mobile 6L - per stuk,234.0
"Mortara ECG printpapier - voor ELI 230 20m, per 12 rollen",137.49
Mortara ECG printpapier - voor Eli 250/280 12x250 vel,301.99
"Mortara Eli150 cardiograaf - draadloze patiëntenkabel, WiFi","1 X € 3.646,99"
"Mortara Eli150 cardiograaf - vaste patiëntenkabel, ethernet LAN aansluiting","1 X € 2.871,99"
"Mortara Eli150 cardiograaf - vaste patiëntenkabel, ethernet LAN aansluiting, DICOM","1 X € 3.258,99"
"Mortara Eli150 cardiograaf - vaste patiëntenkabel, USB aansluiting","1 X € 2.616,99"
Mortara Eli230 cardiograaf - draadloze patiëntenkabel,"1 X € 1.754,99"
Mortara Eli230 cardiograaf - met vaste patiëntenkabel,"1 X € 1.559,99"
Mortara Eli230 cardiograaf - Tas voor ELi230,123.99
Mortara Eli230 cardiograaf - Trolley voor ELi230,494.99
"Batterijdeksel voor doppler D900, D920 en FD1 (oud model) - per stuk",10.79
D900 vaatdoppler - Doppler zonder probe,497.99
"D920 foetale doppler MKIII (model 2025), zonder display - met 2MHz probe","€ 704,70
1 X € 599,00"
DMX vaatdoppler - niet oplaadbaar,"1 X € 1.045,99"
EAI set (ABI) - complete set,"1 X € 3.325,00"
Etui voor Huntleigh pocketdoppler - per stuk,56.49
FD1 foetale doppler MKIII (model 2025) - FD1 met 2 MHz probe,"€ 864,99
1 X € 759,00"
"FD3 doppler MKIII - FD3, met 3mHz probe",874.99
Huntleigh batterijklepje met klip (LOS) tbv SR en FD-Mk3 serie - per stuk,20.99
Oplaadunit voor SR2/3 doppler - per set,160.99
"Sonotrax Basic doppler met display (exclusief probe) - Basic, per stuk",194.99
Sonotrax PRO doppler met display (exclusief probe) - per stuk,241.99
"Sonotrax probes - 2 MHz probe, per stuk, foetaal gebruik",122.99
SR2 foetale doppler (excl. accu en lader) - model 2025,828.0
SR2-R foetale doppler (incl. accu en lader) - model 2025,"€ 960,00
1 X € 864,00"
SR3-R doppler - op batterijen *levertijd onbekend*,899.0
Vaatdoppler - per stuk,302.99
VP10XS probe/transducer - per stuk,571.99
VP4XS probe/transducer - per stuk,436.99
VP5XS probe/transducer - per stuk,469.99
VP8XS probe/transducer - per stuk,588.99
,Price not available
,Price not available
,
,Price not available
,
,
,
,
Cleanisept wipes - dispenser + 100 stuks,12.99
Cleanisept wipes navulverpakking - per 100 stuks,8.79
Heavy Duty absorberende doeken W4 (o.a. echogebruik) - per 420 stuks - 530179,101.0
"Kimtech absorbende doeken (groot formaat) - per 50 stuks, REF 7506",19.49
Printer papier echo-systeem - UPC21L per 4 stuks,182.99
"Printer papier echo-systemen - 1100S, per 5 rollen, alternatief voor de KB61B",34.99
Printer papier echo-systemen - K61B,12.99
Printer papier echo-systemen - K65HM,20.99
Printer papier echo-systemen - K65HM,20.99
Printer papier echo-systemen - UPP110HA per 5 rollen,104.99
Printer papier echo-systemen - UPP110HD per rol,17.99
Printer papier echo-systemen - UPP110HG per 10 rollen,"€ 150,99
1 X € 119,30"
Printer papier echo-systemen - UPP110HG per rol,"€ 17,00
1 X € 13,99"
Printer papier echo-systemen - UPP110S per rol,9.79
"Printer papier echo-systemen - UPP216HD, per 5 rollen, alternatief voor KB65HM",62.99
Printer papier echo-systemen - UPP84HG per rol,17.0
Reinigingsdoeken W8 - 8 x 55 stuks - 510150,68.0
"Ultrasound cover - Ø 28 x 195 mm, 144 stuks in sealverpakking",11.99
"Ultrasound cover - Ø 34 x 195 mm, 144 stuks in sealverpakking",11.99
"Ultrasound cover - Ø28 x 200mm, per 144 stuks, los in de doos","€ 17,99
1 X € 13,25"
"Ultrasound cover - Ø32, 144 stuks los in de doos",11.99
"Ultrasound cover Eclipse latexvrij - 64 x 44 x 241 mm, per 100 stuks",82.99
"Ultrasound cover per stuk verpakt - Ø32 x 200 mm, per 72 stuks",17.99
,
Blue Sensor L-00-S elektrode - per 25 stuks,12.49
"Blue Sensor M-00-A elektrode - diameter 34mm, per 50 stuks",24.99
Clinical ECG elektrode S45 - per 60 stuks,4.69
Drukknop ECG adapter - per stuk,8.79
"ECG elektrode - diameter 32mm, per 50 stuks",7.79
"ECG elektrode - diameter 55mm, per 30 stuks",8.99
"ECG elektrode - Drukknop, per 50 stuks",9.79
"ECG elektrode - Stekker, per 50 stuks",13.99
"ECG elektrode Sensitive - diameter 50mm, per 50 stuks",8.79
ECG Lineaal - per stuk,8.29
ECG Multifunction Elektrode Adapter - per 10 stuks,57.99
ECG papier Bionet Cardiocare 2000 - 1 rol,7.79
ECG papier Cardio Smart/MAC 1200 - 150 bladen,28.49
"ECG papier Cardiofax 3 - Cardiofax ECG-1150, 63mm x 30m, 1 rol",4.89
"ECG papier Cardioline - Cardioline AR1200 view, per rol",13.49
"ECG papier Cardioline - Cardioline Delta 1 Plus,-60 mm x 28 m, per rol",6.79
"ECG papier Cardioline - Cardioline Delta 3 Plus, -112 x 100 mm, 300 vel, per stuk",9.79
"ECG papier Cardioline - Cardioline ECG100S, Z-fold, 180 vel 100 x 50",10.99
"ECG papier Cardioline - Cardioline Elan, 200 vel, per stuk",49.99
"ECG papier Fukuda FCP11/OP110TE - 63 mm x 30 m, per ol",7.29
"ECG papier Nihon Kohden - Cardiofax ECG-9020, 110 x 140 mm, 150 vel, per 5 stuks",32.49
"ECG papier Welch Allyn CP50 - papier 11,4 x 7cm, 4 pak à 250 vel",48.99
"ECG papier Welch Allyn CP50 - papier 11,4cm x 20m, 4 rollen",43.49
ECG TAB elektrode - per 1000 stuks,60.49
,
,
,
,
,
,
,
,
,8.0
"Chemische indicator - Verpakking, 100 strips voor 200 tests",26.49
Classic S17 autoclaaf - S17,"1 X € 2.249,00"
Classic S22 autoclaaf - S22,"1 X € 2.638,00"
Elektronische waterstop - per stuk,242.99
Euroclave 23 S+ - per stuk,"1 X € 3.777,58"
Euroclave 23 S+ toebehoren - instrumententray,68.0
Euroclave 23 VS+ - per stuk,"1 X € 4.812,00"
Euroclave 23S+ / VS aansluiten op waterleiding en afvoer - Connect 11 veiligheidsvoorziening,324.99
Euroclave 23S+ / VS aansluiten op waterleiding en afvoer - Meladem aansluitset,142.99
Gedemineraliseerd Water - 4 x 5 liter,29.49
Gedestilleerd water - 4 x 5 liter can,25.99
Helix Test Kit - testkit,47.49
Instrumentenhouder voor Mocom 17 en 22 autoclaaf - per stuk,82.99
"Instrumententray voor Mocom autoclaaf - Mocom 17, 28,8x18,8x1,7cm, per stuk",35.49
"Instrumententray voor Mocom autoclaaf - Mocom 22, 38,4x18,8x1,7cm, per stuk",46.99
Meladem 37 harskorrels - per stuk,71.99
Meladem 40 - per stuk,562.92
"Meladem 40reservepatronen - reservepatronen, per 2 stuks",88.99
Melag 15EN afvalwater container - per stuk,118.0
"Melag 15EN instrumenten tray - 12 x 35cm, per stuk",56.99
Melajet sproeipistool - per stuk,163.99
"Applicators - spray applicator Ø1-6mm, L=22mm",216.99
"Capsules N2O - N2O capsule 25 gram, per 4 stuks",175.99
"Capsules N2O - N2O capsule 25 gram, per stuk",47.99
Cryo Professional - spuitbus + 50 x 5mm applicator,81.99
"CryoIQ Derm - Beschermdop, per stuk",18.99
CryoIQ Derm - etui voor derm series,46.49
"CryoIQ Pro - apparaat met 2x spray Ø1-4mm, 7-18mm + 1x contact Ø5mm",720.66
"CryoIQ Pro - applicator Liquid 1 - 22 mm, 3 stuks",539.2
CryoIQ Pro - applicator Liquid 45DM 7 - 18 mm,351.99
"CryoIQ Pro - Beschermdop, per stuk",18.99
"CryoIQ Pro - etui voor PR series, per stuk",46.49
Cryomega II - per stuk,243.99
"Cryopen applicators - 1 - 3 mm, blauw",430.99
"Cryopen capsules - N2O capsules 8 gram, 24 stuks",154.99
Cryopen O - per set,"1 X € 2.122,82"
Derm cryo-instrument - met contact applicator Ø1mm,259.99
Derm cryo-instrument - met contact applicator Ø3mm,259.99
Derm cryo-instrument - met contact applicator Ø5mm,259.99
Pro cryo-instrument - met 2 spray applicators: Ø1-4mm + Ø7-18mm,629.93
Pro cryo-instrument - met spray applicator Ø1-4mm,485.99
Pro cryo-instrument - met spray Ø1-4mm + contact Ø5mm applicators,643.33
,
,
,
,
,
"Alsatom elektroden - lus, 15 x 10 mm, E52",19.99
"Alsatom elektroden - lus, Ø 10 mm EL13",15.49
"Alsatom elektroden - lus, Ø 5 mm EL12",15.49
"Alsatom elektroden - naald, dik EL4",11.99
"Alsatom elektroden - naald, dun EL5",11.99
"Alsatom elektroden - Square loop, E57-EL 61",21.49
"Alsatom elektroden lang - knop, 2,3 mm E 46",17.0
"Alsatom elektroden lang - knop,4 mm E 47",17.0
"Alsatom elektroden lang - Lietz lus, 10 x 10 mm, E 50",19.99
"Alsatom elektroden lang - Lietz lus, 10 x 5 mm E 56",20.99
"Alsatom elektroden lang - lus, 15 mm E 45",20.99
"Alsatom elektroden lang - naald recht, dun E 42",17.0
Alsatom SU 100 MPC - per stuk,892.84
Alsatom Su 140 MPC - per stuk,"1 X € 2.074,36"
Anti smell filter w active carbons - per stuk,73.99
Bevestigingsband rubber voor neutrale electrode - per stuk,11.49
Bi-polair snoer voor Alsatom - per stuk,215.99
"Bi-Polaire pincetten voor Alsatom - Pincet gebogen, 16cm, tip 0,7mm",190.99
"Bi-Polaire pincetten voor Alsatom - Pincet gebogen, 19cm, tip 1mm",190.99
"Bi-Polaire pincetten voor Alsatom - Pincet recht, 16cm, tip 0,7mm",178.99
,
,
,
,
,
,
,
,
,
"Autoclave Indicator Tape - 12mm x 50m, per rol",5.0
"BA Ultiseal BASE740 - Heatsealer met multiplugs, BASE740",612.4
CyberPouch Self Seal - zelfklevend - 89 x 254 mm,14.29
Dispenser voor autoclaaftape - per stuk,16.49
E-Z ID markeringsbanden - assortiment Classic in standaard - 70Z305,90.99
E-Z ID markeringsbanden - navulling - Beige 70Z300G,20.99
"Indicatortape voor autoclaaf - 50 m x 1,9 cm",5.29
Laminaatrollen - 5cm x 200m,21.99
Sealapparaat 260MS 8 - per stuk,686.64
"Sealapparaat 260MS 8 accesoires - reserve teflonband, boven en beneden te gebruiken",11.49
Sealapparaat 260MS 8 accesoires - reservemes,11.49
Sealapparaat 260MS 8 accesoires - tafel voor zakjes,58.99
Steri Marker - Steri-Marker,15.99
"Steriking niet toxische marker - zwart smalle punt, per 10 stuks",35.99
Sterilisatiepapier - 75cm x 100m,42.49
"Sterilisatiezakjes - 50 x 300 mm, per 500st.",27.49
Sterilisatiezakjes selfseal - 9 x 25cm. per 200 stuks,23.99
"Sterilisatiezakjes selfseal - 8,3 x 15,9 cm, per 200 stuks",11.99
"Sterilisatiezakjes selfseal - 15 x 38 cm, per 100 stuks - Geschikt voor IUD instrumentenset (excl. metalen uterussonde)",14.99
"Sterilisatiezakjes selfseal - 57 x 133 mm, per 200 stuks",8.0
Sterireel sterilisatierollen - 200 m x 50 mm,16.49
"Tape N ' Tell instrumententape - blauw, 1433, per rol",23.49
"TST Controle Strip - Voor autoclaaf, 100 stuks",49.49
Bovenrek voor thermodesinfector A 101 - 1 x A 101 in hoogte verstelbaar bovenrek voor het plaatsen van inzetrekken,538.17
Desinfectie inzet - per stuk,397.99
"EuroSept Plus Thermo Cleanser - Can, 5 liter",39.49
"EuroSept Plus Thermo Neutralizer - Can, 5 liter",45.49
"EuroSept Plus Thermo Rinse - Fles, 1 liter",11.49
Inzetten en toebehoren voor Thermo-desinfector - Inzet voor 6 zeefschalen - E 198,196.99
Melatherm 10 - 1 x 10021 Melatherm 10 thermodesinfector,Price not available
Melatherm flex zeefschaal 80010 - per stuk,222.99
Melatherm houder voor inserts 80110 - per stuk,218.99
Melatherm houder voor klein instrumentarium 00133 - per stuk,35.99
Melatherm instrumenten zeefschaal 00195 - per stuk,243.99
Melatherm inzet standaard 00188 - per stuk,734.06
MEtherm 50 mild alkaline reiniger - can 5 Liter,74.49
MEtherm 55 neutralisator C - can 5 liter,47.99
MEtherm 61 spoelvloeistof - fles 940ml,22.99
"Neodisher® FA - FA dental - Jerrycan, 5 liter",54.99
"Neodisher® IR - IR, 12kg",121.99
Onderrek voor thermodesinfector A 151 - 1 x A 151 onderrek voor het plaatsen van DIN zeefschalen,393.99
PG 8582 thermodesinfector - PG 8582 thermodesinfector RVS,"1 X € 7.835,00"
PG 8582 thermodesinfector - PG 8582 thermodesinfector Wit,"1 X € 7.400,00"
"ProCare Dent 10 MA reinigingsmiddel - Can, 5 liter",62.49
"ProCare Dent 11 A reinigingsmiddel - Emmer, 10 kg",140.49
"ProCare Dent 30 C neutralisator - Fles, 1 liter",15.49
"ProCare Dent 30 P neutralisator - Can, 5 liter",89.49
"ProCare Dent 40 naspoelmiddel - fles, 1 liter",28.49
,
,
,
,
,
,
Boby trolley - 3 laden,370.99
Instrumenten tafel - per stuk,237.0
Instrumenten tafel RVS - per stuk,182.0
"Ladeinzet - voor lade van 45 cm breed, 390x385x55mm",64.99
"Ladeinzet - voor lade van 90 cm breed, 800x385x55",119.99
Schaal - per stuk,135.99
Trolley 08/16 - per stuk,441.99
Universele bijzettafel - per stuk,126.49
Bescherm mat - per stuk,21.49
Bloedafname stoel - per stuk,437.99
Bloedafname stoel XXL - zwart,970.16
Bloedafnamestoel BS-1000/2000 - BS-1000 zwarte aluminium voet,"1 X € 1.225,85"
Bloedafnamestoel BS-1000/2000 - BS-2000 gepolijste aluminium voet,999.03
Bloedafnamestoel MM-C - MM-C vaste hoogte niet verrijdbaar,"1 X € 1.547,50"
Bloedafnamestoel MM-C - MM-C vaste hoogte verrijdbaar,"1 X € 1.755,00"
Bloedafnamestoel MM-C - MME-C hoog/laag niet verrijdbaar,"1 X € 2.790,00"
Bloedafnamestoel MM-C - MME-C hoog/laag verrijdbaar,"1 X € 2.997,50"
"Halve rol - 40 x 22 x 11 cm, blauw",36.49
"Hoofdkussen - 40 x 40 cm, blauw",34.99
"Nek- en knierol - 40 x 13 cm, blauw",19.99
"Nek- en knierol - 50 x 15 cm, blauw",26.49
"Opstapje - 1 trede, 25 x 38 x 23 cm",96.99
"Opstapje - 2 treden, 50 x 38 x 44 cm",102.99
Bedscherm - per stuk,250.99
"Gordijnarm RKLE - RKLE 1212, 120 x 120 cm",353.99
"Gordijnarm RTI - aluminium, lengte: 130 cm",353.99
"Gordijnarm RTS - aluminium, lengte 120 cm",249.99
"Gordijnringen - grijs, open, per stuk",1.59
"Gordijnringen - wit, open, per stuk",1.39
Kamerscherm - 3-delig,622.71
Kamerscherm RLP - 2 delen: 165 x 100cm (hxb),317.99
"Ropitex Bioactive - 110 x 175 cm, per gordijn",74.99
"Trevira gordijn - afmeting 170 x 175cm, kleur champagne",154.99
"Vouwwand RFW - 3 delen, afmeting 90 x 145cm (lxh)",613.99
Wandhouder WH95 - wit,85.0
,
,
Cura tabouret - zwart 46 - 64cm,103.49
Delphi tabouret - zwart 46 - 64cm,103.49
Esta zadelkruk - zwart 46 - 64 cm (ca. eind februari weer leverbaar),111.49
"Gustav kruk - kunststofvoet, 46-64 cm",104.99
"Liv zadelkruk met rugleuning - zwart, 46-64cm",181.99
Mini Multo 540 zadelkruk - met hand en voetbediening,409.99
Mini Multo 540 zadelkruk - met handbediening (zonder voetbediening),377.5
Mini-Multo 540 tabouret - ringbediening en voetbediening,360.0
"Odin werkstoel - kunststofvoet, 46-64cm",153.99
Tabouret Loavie - hoogte 49 - 69 cm,391.99
"Tabouret Saar - laag, 39-52cm",130.0
Vena Comfort tabouret - zwart 46 - 64cm,152.0
Vena Grande tabouret - zwart 46 - 64 cm (ca. eind oktober weer leverbaar),105.99
Vena tabouret - zwart 46 - 64cm,82.99
"Vita comfort met rugleuning - zwart, 46-64cm",195.99
Vita zadelkruk - zwart 46 - 64cm,107.49
Voetenring - per stuk,47.49
zadelkruk - zwart onderstel,365.99
Zadelkruk Finn - 49 - 69 mm,289.99
,
,
,
,
,
,
Halux N50-3 P FX LED lamp - per stuk,764.99
L88 loupelamp LED - per stuk,852.63
LED 115 onderzoeklamp - railmodel,955.0
LED 115 onderzoeklamp - statiefmodel,"1 X € 1.088,00"
LED 115 onderzoeklamp - wandmodel,"1 X € 1.006,00"
LED 120 - plafondmodel tot 3 meter,"1 X € 1.985,00"
"LED 120F focus - plafondmodel, tot 3 meter*","1 X € 2.137,00"
"LED 130 - plafondmodel, tot 3 meter","1 X € 2.501,00"
LED 130 - Swing wandmodel,"1 X € 2.125,00"
"LED 130F focus - plafondmodel, tot 3 meter","1 X € 2.743,00"
LED 130F focus - wandmodel,"1 X € 2.366,00"
"LED 150 - plafondmodel, tot 3 meter.*","1 X € 3.459,00"
LED 150F focus - Swing statiefmodel,"1 X € 3.764,00"
LED 150F focus - wandmodel,"1 X € 3.177,00"
ML4 LED hoofdlamp - ML4 hoofdlamp + mpack UPL,"1 X € 1.816,99"
ML4 LED hoofdlamp - ML4 hoofdlamp +mpack,"1 X € 1.734,99"
ML4 LED hoofdlamp - ML4 LED hoofdlamp,"1 X € 1.183,99"
ML4 LED hoofdlamp - ML4 LED hoofdlamp + trafo,"1 X € 1.328,99"
ML4 LED hoofdlamp - ML4 LED hoofdlamp +EN50 UP,"1 X € 2.372,99"
,
,
,
,
,
,204.99
Beensteun adapter set Unix bank - per set,252.99
Dubbeldik polster - per stuk,102.5
Edison Budget onderzoeksbank - lengte 195 cm,304.99
Extra lade hoofdeinde onderzoeksbank MME en MMEL - per stuk,265.0
Frame in RAL kleur - meerprijs RAL kleur frame,340.0
Gyn uitsparing zitgedeelte t.b.v. Unix Urogyn onderzoeksbank - per stuk,89.49
Haksteunen Wesseling onderzoeksbank - RVS haksteunen,209.99
Halfrond kussen - per stuk,160.0
Handschakelaar voor onderzoeksbank - per stuk,153.99
Kniesteun houders - houders voor kniesteunen model MME,126.75
"Kniesteun houders - houders voor kniesteunen voor model MMEN, MMEL en MME 2-delig",126.75
Massagekussen - per stuk,34.49
"Massagerol - groot, 53 x 17 x 17 cm",48.49
"Massagerol - klein, 27 x 10 x 10 cm",27.49
"Mini-Multo kniesteunen - kniesteunen (model na 2016), per paar",160.0
Mini-Multo MM onderzoeksbank - per stuk,412.95
"Mini-Multo MME 2-delig - per stuk, wiel/lange rug gasveer","1 X € 1.537,00"
"Mini-Multo MME 3-delig, met voetenlade - MME-V, lade voeteneind, wiel/korte rug gasveer","1 X € 2.115,00"
"Mini-Multo MME 3-delig, zonder lade - MME-ZL, zonder lade, wiel/korte rug gasveer","1 X € 1.656,52"
"Mini-Multo MMEL - MMEL-V, lade aan het voeteneinde, wiel/korte rug gasveer","1 X € 2.240,00"
"Mini-Multo MMEN - per stuk, wiel/korte rug gasveer","1 X € 1.785,00"
,
,
,
,
,
,
,
,
,
,
,
,7.79
Voorraadsysteem 5 bakken - systeem wit,33.99
,
,
,
,
,
,
,11.49
Fix standaard beenzakhouder - per 2 stuks,9.79
Houder voor bedzak - per 10 stuks,14.99
Houder voor urinefles - per stuk,6.79
"MoliCare Fixpants - maat L, heup/buikomvang 50-120 cm, 100 stuks (bruin)",89.49
"MoliCare Fixpants - maat XL, heup-/buikomvang 100-160 cm, 100 stuk (groen)",90.99
"MoliCare® Premium Fixpants - S, geel, heup/buikomvang 45-80cm, per 5 stuks",4.19
"MoliCare® Rectangular drops - 3 druppels. 20x40cm, 50 stuks",20.49
Soft urine bedzak 2 liter - per 10 stuks,52.99
Soft urinebeenzak - 500ml per 10 stuks,55.99
Tap Flow - per 10 stuks,61.49
"Uriconol urine opvangzak - jongen, per 100 stuks",116.49
"Uriconol urine opvangzak - meisje, per 100 stuks",114.49
Urine bedzak 2 liter - per 30 stuks,94.49
"Urinebeenzak 500ml recht - 45cm slang, per 30 stuks",82.99
"Urinebeenzak 500ml recht - 60cm slang, per 30 stuks",77.49
Urinebeenzak 500ml schuin - 500ml per 30 stuks,68.0
"Urinebeenzak 750ml recht - 45cm slang, per 30 stuks",72.99
"Urinezak met aflaatventiel - 500 ml schuine slang, niet steriel, per stuk",2.19
"Urinezak met aflaatventiel - 500ml schuine slang niet steriel, slang 7 cm, per stuk",2.29
Urinezak met terugloopventiel 2L - per 10 stuks,10.99
Urinezakhouder plastic blauw - per stuk,1.39
"Actreen Glys set nelaton vrouwen - CH14, per 30 stuks",177.99
"Disposable Nelaton katheter - CH10, per 30 stuks",35.99
"Disposable Nelaton katheter - CH12, per 30 stuks",31.49
"Disposable Nelaton katheter - CH14, groen, per 50 stuks",24.49
"Disposable rectale katheter - Ch22, per 100 stuks",64.99
"Disposable Tiemann katheter - CH18, per 10 stuks",45.49
"Disposable Tiemann katheter - CH20, per 10 stuks",5.49
"Fresenius afnamecanule L-L - Luer-Lock, 25 stuks",46.49
Hekura beenband voor katheter fixatie - per stuk,10.49
Hekura katheter noodset - per set,39.99
Hekura katheterset basis 1 - per set,6.79
Hekura katheterset basis 2 - per set,9.29
Hekura katheterset uitgebreid 1 - per set,8.29
Hekura katheterset uitgebreid 2 - per set,10.99
"Nelaton ballonkatheter latex - CH12, per 10 stuks",19.0
Nelaton ballonkatheter siliconen - CH12 per stuk,14.99
"Nelaton ballonkatheter siliconen - CH12, per 10 stuks",58.49
"Nelaton Katheter voor man - CH12 40cm, 10 stuks",5.79
"Nelaton Katheter voor man - CH14 40 cm, 10 stuks",5.79
"Nelaton Katheter voor man - CH18 40 cm, 10 stuks",5.29
"Nelaton Katheter voor man - CH20 40 cm, 10 stuks",5.49
"Tiemann ballonkatheter latex - CH14, 10 stuks",36.99
Tiemann ballonkatheter latex - CH16 per 10 stuks,36.99
Tiemann ballonkatheter latex - CH18 per stuk,3.99
"Tiemann ballonkatheter siliconen - CH14, per stuk",26.49
,
,
,
,
,
,
,
,
,
,
NEB 400 medicijn vernevelaar - per stuk,67.0
"Omron A3 luchtfilters - luchtfilterset , 3 stuks",1.99
Pari Boy Classic Yearpack - per set,42.49
Pari Boy Pro vernevelaar - per stuk,265.99
Pari Boy Pro yearpack - per set,42.49
"Pariboy NaCl inhalatie - 60 x 2,5 ml",20.49
,
,
,
,
,
,
,
,
,
,
,
Badstof slab met opvangzak wasbaar wit - per stuk,13.99
"Bestek Queens, gehoekt of recht - compleet 4-delig bestek, recht",37.99
"Bestek Queens, gehoekt of recht - lepel klein, recht",11.49
"Bestek Queens, gehoekt of recht - mes, recht",11.49
"Bestek Queens, gehoekt of recht - vork, gehoekt, linkshandig",14.99
"Bestek Queens, gehoekt of recht - vork, recht",11.49
Disposable washandje Eco - per 8 stuks,3.09
Fecesvanger papier - 50 stuks,12.49
"HW servet houder - geel, per stuk",10.99
"HW servet houder - groen, per stuk",10.99
"HW servet houder - roze, per stuk",10.99
"HW servet houder - sering, per stuk",10.99
"Ornamin Ergoplus beker - deksel met tuit 12 mm, per stuk",2.29
"Ornamin Ergoplus beker - drinkbeker geel, per stuk",4.99
"Ornamin Ergoplus beker - drinkbeker rood, per stuk",4.49
"Ornamin Ergoplus beker - drinkbeker transparant, per tuk",4.39
SicSac opvangzak (braakzak) - 50 stuks,15.49
"Tena steeklaken - 80 x 120 cm, 100 stuks",121.49
Urinaal man - per stuk,6.79
Valaclean Basic washand - per 50 stuks,6.29
"Valaclean Basic washand - Soft, 50 stuk",9.29
ValaClean film washandjes - per 50 stuks,7.79
Valafit Plus slab met opvangzak - per 100 stuks,17.99
Vitmo washand met waslotion - verpakt per 8 stuks,4.19
Wasbak voor haren opblaasbaar+doucheset - per stuk,58.99
,
,
,
,
,
,
,
,
Bekken model stof - per stuk,181.99
Episiotomie en hecht trainer P95 - 3B Epi hecht trainer P95 compleet,318.99
Episiotomie hechttrainer P96 voor P90 simulator - Epi hecht trainer P96 voor P90 simulator,"€ 163,99
1 X € 126,00"
Geboorte simulator PRO P90 - donkere huidskleur,"€ 1.514,53
1 X € 1.139,00"
Geboorte simulator PRO P90 - lichte huidskleur,"€ 1.514,53
1 X € 1.139,00"
"Inzet vulva voor Epi trainer P96 - Inzet vulva voor Epi trainer P96 ingeknipt, per2 stuks",165.99
"Inzet vulva voor Epi trainer P96 - Inzet vulva voor Epi trainer P96 niet ingeknipt, per 3 stuks",155.99
Inzet vulva voor episiotomie hechttrainer P95 - 3B inzet vulva Epi trainer P95 per 5 stuk,"1 X € 1.057,80"
Inzet vulva voor episiotomie hechttrainer P95 - 3B inzet vulva Epi trainer P95 per stuk,88.99
Miniatuur bekken + foetus - per set,"€ 94,49
1 X € 74,00"
Verpleegmodel zuigeling - per stuk,"€ 992,84
1 X € 767,00"
,
,
,
,
,
,
,
,
,
"Slijmzuiger disposable per stuk - dubbele kamer - CH12, per stuk",2.29
"Vliezenbrekers, kunststof disposable - per 10 stuks",5.99
,
,
,
,
,
,
,
,
,
,
,
,
,
,
Alcohol 70% + Ipa 10% - 12 x 250 ml,60.99
Betadine scrub - 120 ml,11.29
Betadine scrub - 500 ml,17.99
Betadine zalf - 30 gram,7.49
"Betadine zalfgaas - 10 x 10 cm, per 50 stuks",143.99
Dettol Med Chloorxylenol Conc Lotion - fles 500 ml,14.79
Hibicet desinfectiemiddel - 120 x 50 ml,259.99
"Hibicet desinfectiemiddel - verdunning, 240 x 15 ml",200.99
"Hibicet desinfectiemiddel - verdunning, 25 x 15 ml",21.49
Hibiscrub 4% - 250 ml,14.29
"Hibiscrub 4% - Clean up bottle, 500 ml",23.99
"Inadine zalfgaas - 9,5 cm x 9,5 cm, per 10 stuks",27.99
"NaCl 0,9% - 50 ampullen à 10 ml","€ 82,99
1 X € 59,50"
"NaCl 0,9% met Luer-Lock connectie - 10 x 100 ml",40.99
,
,
,
,
,
,
,
,
"Flocare neus-maagsonde (voedingssonde) - CH8, per 10 stuks",136.49
"Flocare pur - Ch 14/110 cm, 10 stuks",131.99
Petroleum ether 12x 100 ml - 12x 100 ml,30.99
"PolyMem Cloth - 75 x 25 mm, per 20 stuks",79.99
"PolyMem cloth dot - 5 x 5 cm, per 20 stuks",68.99
"PolyMem Max zilver wondverband 10 x 10 cm - 10 x 10 cm, per 8 stuks",334.99
"PolyMem pad - 8 x 8 cm, per 15 stuks",140.49
Prontosan wondspoeling - 24 x 40 ml,101.99
Tranexaminezuur 100mg/ml - 10x5ml,76.99
Voltaren Emulgel - per 60 gram,14.49
,
,
,
"B&D Posiflush NaCl 0,9% - 10 ml per 30 stuks (uitlopend - leverbaar zolang de voorraad strekt)","€ 58,99
1 X € 42,50"
"B&D Posiflush NaCl 0,9% - 3 ml per 30 stuks",45.49
"B&D Posiflush NaCl 0,9% - 5 ml per 30 stuks","€ 51,99
1 X € 29,60"
"B.Braun Uro-tainer NaCl 0,9% - 10 zakken à 100 ml",62.99
"Baxter ringerlactaat voor infusie - 500 ml, per stuk",6.29
"Bupivacaine inj vlst - 5mg/ml 20 ml, per flacon",9.0
Buscopan 10 mg - 6 zetpillen - 6 zetpillen,10.79
"Carbomeer watergel - 1 % fagron, 1 tube 100 gram",10.29
Chlooramfenicol oogzalf 10 mg/g - per tube *Verwachte leverdatum eind april*,5.99
"Dexamethason injvlst 4mg/ml ampul - 1 ML ce, 10 stuks",90.49
"Diclofenac na msr tablet - 25 mg CF, 30 stuks",3.59
"Diclofenac na msr tablet - 50 mg CF, 30 stuks",1.99
"Ecotainer NaCl 0,9% - per 1 liter",13.99
Emla crème - 5 tubes van 5 gram *levertijd onbekend*,31.99
Emla crème - tube 30 gram,35.99
Emla verdovingspleister - per 20 stuks,58.99
"Epipen - 0,5mg/ml wwsp 0,3 ml kind, per stuk",81.49
"Epipen - 1mg/ml wwsp 0,3 ml, per stuk",81.49
Flaminal forte enzym alginol - 40 gram,80.99
"Fluoresceïne natrium - 20 druppelflesjes à 0,5 ml",28.99
Fucidin zalf 20mg - 30 gram,12.79
"Haldol - 5mg/1ml, 5 ampullen 1 ml",11.79
,
,
,
Ampullendoos - 7 ampullen,28.99
Ampullenetui - per stuk,35.99
Ampullenetui Elite jeans gekoeld 48 ampullen - per stuk,35.99
Ampullenetui Elite zwart gekoeld 48 ampullen - per stuk,30.99
Ampullenstandaard v.6 ampullen - per stuk,26.49
,
,
,
,
,
,
,
,
,
,
,
,
,
,
,126.49
Rusticana Cross - per stuk,546.42
"Rusticana leer - klein, bordeaux met 1 vak",497.99
"Rusticana leer - groot, donkerbruin met 1 vak",546.42
"Rusticana leer - groot, naturel met 2 vakken",593.85
"Rusticana light - small, zwart",326.99
"Rusticana waterbuffel - klein, bruin met 1 vak",497.99
"Rusticana waterbuffel - groot, bruin met 2 vakken",593.85
,
,
,
,
"1,5 meter afstand vloersticker - vloersticker 30 x 30 cm",18.99
"1,5 meter afstand vloersticker - vloersticker 60 x 15 cm",20.99
"1,5 meter badges - button groen/zwart rond, ø50mm",3.79
"1,5 meter badges - button groene hand, 62x70mm",4.19
"1,5 meter badges - button smiley tekst, 50x50mm",4.19
"1,5 meter badges - button smiley, ø50mm",3.99
"1,5 meter badges - button stopbord, 50x50mm",4.19
3000 viltstift - rood,3.19
"400 viltstift, fijn - zwart",2.79
404 fijnschrijver - rood,2.89
8010 röntgen stift - wit,10.49
8040 kleding stift - zwart,4.39
A4 insteek hoesjes - 100 stuks,4.49
A4 ordner alfabet - per set,3.29
Aesculap teken huisarts - per stuk,7.29
Ahrend ordner breedte 5 cm - zwart,2.89
"Ahrend ordner, breedte 8 cm - gemarmerd A4",3.19
Anti spatscherm - verticaal 60x90cm (bxh),32.49
"Batterij Camelion Lithium 3V - CR2016, per stuk",1.49
"Batterij Camelion Lithium 3V - CR2032, per stuk",1.39
"Batterij oplaadbaar - A baby cell 1,5V, per stuk",6.79
"Batterij oplaadbaar - E block 9V, 2 stuks",24.49
"Batterij oplaadbaar - Mono cell 1,5V, 2 stuks",15.49
"Batterij Varta 1,5Volt Micro - per stuk",3.19
Batterijlader Varta - oplader,64.99
,
,
,
,
,
"Zoo Set - speelgoed wilde dieren - Verpakking, 100 stuks",17.0
,
,
,
,46.99
Bacillol 30 Sen Tiss Flow-Pack,7.0
"BD Eclipse veiligheidsnaald 0,3x13mm",23.49
"BD Eclipse veiligheidsnaald 0,6x40mm",23.49
"BD Eclipse veiligheidsnaald 0,7x25mm",23.49
"BD Eclipse veiligheidsnaald 0,8x25mm",23.49
"BD Eclipse veiligheidsnaald 1,2x25mm",23.49
"Chloorhexidine 0,5%,70%alc. 0,25L transp",6.79
CryoPen X + startpakket,"1 X € 2.706,36"
DCT Urinezak 2L terugslagventiel,10.29
Disp. curette 2 zuiggaatjes steriel 5st.,22.99
Foliodrape Instrumentenzakken 43 x 38 c,51.49
Habru armsteunen MMC en MMEC per paar,160.0
Habru kniesteunhouders MMC/MMEC p.p,130.0
Hansaplast wondpleister spray 30 gram,9.79
"Heine disp. oortrechters 2,5mm diag 1000",100.99
Hekura Vrouwen catheter CH12 20cm,21.99
HS injectiespuit 3-delig 5ml 100st,7.29
HW servet houder wit,8.29
Kussen hoofd 40x40cm wit,46.99
"Mach halogeen lamp 22,8/24v 50w 3x",91.99
